FIPS,State,County
01001,Alabama,Autauga County
01003,Alabama,Baldwin County
01005,Alabama,Barbour County
01007,Alabama,Bibb County
01009,Alabama,Blount County
01011,Alabama,Bullock County
01013,Alabama,Butler County
01015,Alabama,Calhoun County
01017,Alabama,Chambers County
01019,Alabama,Cherokee County
01021,Alabama,Chilton County
01023,Alabama,Choctaw County
01025,Alabama,Clarke County
01027,Alabama,Clay County
01029,Alabama,Cleburne County
01031,Alabama,Coffee County
01033,Alabama,Colbert County
01035,Alabama,Conecuh County
01037,Alabama,Coosa County
01039,Alabama,Covington County
01041,Alabama,Crenshaw County
01043,Alabama,Cullman County
01045,Alabama,Dale County
01047,Alabama,Dallas County
01049,Alabama,DeKalb County
01051,Alabama,Elmore County
01053,Alabama,Escambia County
01055,Alabama,Etowah County
01057,Alabama,Fayette County
01059,Alabama,Franklin County
01061,Alabama,Geneva County
01063,Alabama,Greene County
01065,Alabama,Hale County
01067,Alabama,Henry County
01069,Alabama,Houston County
01071,Alabama,Jackson County
01073,Alabama,Jefferson County
01075,Alabama,Lamar County
01077,Alabama,Lauderdale County
01079,Alabama,Lawrence County
01081,Alabama,Lee County
01083,Alabama,Limestone County
01085,Alabama,Lowndes County
01087,Alabama,Macon County
01089,Alabama,Madison County
01091,Alabama,Marengo County
01093,Alabama,Marion County
01095,Alabama,Marshall County
01097,Alabama,Mobile County
01099,Alabama,Monroe County
01101,Alabama,Montgomery County
01103,Alabama,Morgan County
01105,Alabama,Perry County
01107,Alabama,Pickens County
01109,Alabama,Pike County
01111,Alabama,Randolph County
01113,Alabama,Russell County
01115,Alabama,St. Clair County
01117,Alabama,Shelby County
01119,Alabama,Sumter County
01121,Alabama,Talladega County
01123,Alabama,Tallapoosa County
01125,Alabama,Tuscaloosa County
01127,Alabama,Walker County
01129,Alabama,Washington County
01131,Alabama,Wilcox County
01133,Alabama,Winston County
02013,Alaska,Aleutians East Borough
02016,Alaska,Aleutians West Census Area
02020,Alaska,Anchorage Municipality
02050,Alaska,Bethel Census Area
02060,Alaska,Bristol Bay Borough
02068,Alaska,Denali Borough
02070,Alaska,Dillingham Census Area
02090,Alaska,Fairbanks North Star Borough
02100,Alaska,Haines Borough
02105,Alaska,Hoonah-Angoon Census Area
02110,Alaska,Juneau City and Borough
02122,Alaska,Kenai Peninsula Borough
02130,Alaska,Ketchikan Gateway Borough
02150,Alaska,Kodiak Island Borough
02158,Alaska,Kusilvak Census Area
02158,Alaska,Wade Hampton Census Area
02164,Alaska,Lake and Peninsula Borough
02170,Alaska,Matanuska-Susitna Borough
02180,Alaska,Nome Census Area
02185,Alaska,North Slope Borough
02188,Alaska,Northwest Arctic Borough
02195,Alaska,Petersburg Census Area
02195,Alaska,Petersburg Borough
02198,Alaska,Prince of Wales-Hyder Census Area
02220,Alaska,Sitka City and Borough
02230,Alaska,Skagway Municipality
02240,Alaska,Southeast Fairbanks Census Area
02261,Alaska,Valdez-Cordova Census Area
02275,Alaska,Wrangell City and Borough
02282,Alaska,Yakutat City and Borough
02290,Alaska,Yukon-Koyukuk Census Area
04001,Arizona,Apache County
04003,Arizona,Cochise County
04005,Arizona,Coconino County
04007,Arizona,Gila County
04009,Arizona,Graham County
04011,Arizona,Greenlee County
04012,Arizona,La Paz County
04013,Arizona,Maricopa County
04015,Arizona,Mohave County
04017,Arizona,Navajo County
04019,Arizona,Pima County
04021,Arizona,Pinal County
04023,Arizona,Santa Cruz County
04025,Arizona,Yavapai County
04027,Arizona,Yuma County
05001,Arkansas,Arkansas County
05003,Arkansas,Ashley County
05005,Arkansas,Baxter County
05007,Arkansas,Benton County
05009,Arkansas,Boone County
05011,Arkansas,Bradley County
05013,Arkansas,Calhoun County
05015,Arkansas,Carroll County
05017,Arkansas,Chicot County
05019,Arkansas,Clark County
05021,Arkansas,Clay County
05023,Arkansas,Cleburne County
05025,Arkansas,Cleveland County
05027,Arkansas,Columbia County
05029,Arkansas,Conway County
05031,Arkansas,Craighead County
05033,Arkansas,Crawford County
05035,Arkansas,Crittenden County
05037,Arkansas,Cross County
05039,Arkansas,Dallas County
05041,Arkansas,Desha County
05043,Arkansas,Drew County
05045,Arkansas,Faulkner County
05047,Arkansas,Franklin County
05049,Arkansas,Fulton County
05051,Arkansas,Garland County
05053,Arkansas,Grant County
05055,Arkansas,Greene County
05057,Arkansas,Hempstead County
05059,Arkansas,Hot Spring County
05061,Arkansas,Howard County
05063,Arkansas,Independence County
05065,Arkansas,Izard County
05067,Arkansas,Jackson County
05069,Arkansas,Jefferson County
05071,Arkansas,Johnson County
05073,Arkansas,Lafayette County
05075,Arkansas,Lawrence County
05077,Arkansas,Lee County
05079,Arkansas,Lincoln County
05081,Arkansas,Little River County
05083,Arkansas,Logan County
05085,Arkansas,Lonoke County
05087,Arkansas,Madison County
05089,Arkansas,Marion County
05091,Arkansas,Miller County
05093,Arkansas,Mississippi County
05095,Arkansas,Monroe County
05097,Arkansas,Montgomery County
05099,Arkansas,Nevada County
05101,Arkansas,Newton County
05103,Arkansas,Ouachita County
05105,Arkansas,Perry County
05107,Arkansas,Phillips County
05109,Arkansas,Pike County
05111,Arkansas,Poinsett County
05113,Arkansas,Polk County
05115,Arkansas,Pope County
05117,Arkansas,Prairie County
05119,Arkansas,Pulaski County
05121,Arkansas,Randolph County
05123,Arkansas,St. Francis County
05125,Arkansas,Saline County
05127,Arkansas,Scott County
05129,Arkansas,Searcy County
05131,Arkansas,Sebastian County
05133,Arkansas,Sevier County
05135,Arkansas,Sharp County
05137,Arkansas,Stone County
05139,Arkansas,Union County
05141,Arkansas,Van Buren County
05143,Arkansas,Washington County
05145,Arkansas,White County
05147,Arkansas,Woodruff County
05149,Arkansas,Yell County
06001,California,Alameda County
06003,California,Alpine County
06005,California,Amador County
06007,California,Butte County
06009,California,Calaveras County
06011,California,Colusa County
06013,California,Contra Costa County
06015,California,Del Norte County
06017,California,El Dorado County
06019,California,Fresno County
06021,California,Glenn County
06023,California,Humboldt County
06025,California,Imperial County
06027,California,Inyo County
06029,California,Kern County
06031,California,Kings County
06033,California,Lake County
06035,California,Lassen County
06037,California,Los Angeles County
06039,California,Madera County
06041,California,Marin County
06043,California,Mariposa County
06045,California,Mendocino County
06047,California,Merced County
06049,California,Modoc County
06051,California,Mono County
06053,California,Monterey County
06055,California,Napa County
06057,California,Nevada County
06059,California,Orange County
06061,California,Placer County
06063,California,Plumas County
06065,California,Riverside County
06067,California,Sacramento County
06069,California,San Benito County
06071,California,San Bernardino County
06073,California,San Diego County
06075,California,San Francisco County
06077,California,San Joaquin County
06079,California,San Luis Obispo County
06081,California,San Mateo County
06083,California,Santa Barbara County
06085,California,Santa Clara County
06087,California,Santa Cruz County
06089,California,Shasta County
06091,California,Sierra County
06093,California,Siskiyou County
06095,California,Solano County
06097,California,Sonoma County
06099,California,Stanislaus County
06101,California,Sutter County
06103,California,Tehama County
06105,California,Trinity County
06107,California,Tulare County
06109,California,Tuolumne County
06111,California,Ventura County
06113,California,Yolo County
06115,California,Yuba County
08001,Colorado,Adams County
08003,Colorado,Alamosa County
08005,Colorado,Arapahoe County
08007,Colorado,Archuleta County
08009,Colorado,Baca County
08011,Colorado,Bent County
08013,Colorado,Boulder County
08014,Colorado,Broomfield County
08015,Colorado,Chaffee County
08017,Colorado,Cheyenne County
08019,Colorado,Clear Creek County
08021,Colorado,Conejos County
08023,Colorado,Costilla County
08025,Colorado,Crowley County
08027,Colorado,Custer County
08029,Colorado,Delta County
08031,Colorado,Denver County
08033,Colorado,Dolores County
08035,Colorado,Douglas County
08037,Colorado,Eagle County
08039,Colorado,Elbert County
08041,Colorado,El Paso County
08043,Colorado,Fremont County
08045,Colorado,Garfield County
08047,Colorado,Gilpin County
08049,Colorado,Grand County
08051,Colorado,Gunnison County
08053,Colorado,Hinsdale County
08055,Colorado,Huerfano County
08057,Colorado,Jackson County
08059,Colorado,Jefferson County
08061,Colorado,Kiowa County
08063,Colorado,Kit Carson County
08065,Colorado,Lake County
08067,Colorado,La Plata County
08069,Colorado,Larimer County
08071,Colorado,Las Animas County
08073,Colorado,Lincoln County
08075,Colorado,Logan County
08077,Colorado,Mesa County
08079,Colorado,Mineral County
08081,Colorado,Moffat County
08083,Colorado,Montezuma County
08085,Colorado,Montrose County
08087,Colorado,Morgan County
08089,Colorado,Otero County
08091,Colorado,Ouray County
08093,Colorado,Park County
08095,Colorado,Phillips County
08097,Colorado,Pitkin County
08099,Colorado,Prowers County
08101,Colorado,Pueblo County
08103,Colorado,Rio Blanco County
08105,Colorado,Rio Grande County
08107,Colorado,Routt County
08109,Colorado,Saguache County
08111,Colorado,San Juan County
08113,Colorado,San Miguel County
08115,Colorado,Sedgwick County
08117,Colorado,Summit County
08119,Colorado,Teller County
08121,Colorado,Washington County
08123,Colorado,Weld County
08125,Colorado,Yuma County
09001,Connecticut,Fairfield County
09003,Connecticut,Hartford County
09005,Connecticut,Litchfield County
09007,Connecticut,Middlesex County
09009,Connecticut,New Haven County
09011,Connecticut,New London County
09013,Connecticut,Tolland County
09015,Connecticut,Windham County
10001,Delaware,Kent County
10003,Delaware,New Castle County
10005,Delaware,Sussex County
12001,Florida,Alachua County
12003,Florida,Baker County
12005,Florida,Bay County
12007,Florida,Bradford County
12009,Florida,Brevard County
12011,Florida,Broward County
12013,Florida,Calhoun County
12015,Florida,Charlotte County
12017,Florida,Citrus County
12019,Florida,Clay County
12021,Florida,Collier County
12023,Florida,Columbia County
12027,Florida,DeSoto County
12029,Florida,Dixie County
12031,Florida,Duval County
12033,Florida,Escambia County
12035,Florida,Flagler County
12037,Florida,Franklin County
12039,Florida,Gadsden County
12041,Florida,Gilchrist County
12043,Florida,Glades County
12045,Florida,Gulf County
12047,Florida,Hamilton County
12049,Florida,Hardee County
12051,Florida,Hendry County
12053,Florida,Hernando County
12055,Florida,Highlands County
12057,Florida,Hillsborough County
12059,Florida,Holmes County
12061,Florida,Indian River County
12063,Florida,Jackson County
12065,Florida,Jefferson County
12067,Florida,Lafayette County
12069,Florida,Lake County
12071,Florida,Lee County
12073,Florida,Leon County
12075,Florida,Levy County
12077,Florida,Liberty County
12079,Florida,Madison County
12081,Florida,Manatee County
12083,Florida,Marion County
12085,Florida,Martin County
12086,Florida,Miami-Dade County
12087,Florida,Monroe County
12089,Florida,Nassau County
12091,Florida,Okaloosa County
12093,Florida,Okeechobee County
12095,Florida,Orange County
12097,Florida,Osceola County
12099,Florida,Palm Beach County
12101,Florida,Pasco County
12103,Florida,Pinellas County
12105,Florida,Polk County
12107,Florida,Putnam County
12109,Florida,St. Johns County
12111,Florida,St. Lucie County
12113,Florida,Santa Rosa County
12115,Florida,Sarasota County
12117,Florida,Seminole County
12119,Florida,Sumter County
12121,Florida,Suwannee County
12123,Florida,Taylor County
12125,Florida,Union County
12127,Florida,Volusia County
12129,Florida,Wakulla County
12131,Florida,Walton County
12133,Florida,Washington County
13001,Georgia,Appling County
13003,Georgia,Atkinson County
13005,Georgia,Bacon County
13007,Georgia,Baker County
13009,Georgia,Baldwin County
13011,Georgia,Banks County
13013,Georgia,Barrow County
13015,Georgia,Bartow County
13017,Georgia,Ben Hill County
13019,Georgia,Berrien County
13021,Georgia,Bibb County
13023,Georgia,Bleckley County
13025,Georgia,Brantley County
13027,Georgia,Brooks County
13029,Georgia,Bryan County
13031,Georgia,Bulloch County
13033,Georgia,Burke County
13035,Georgia,Butts County
13037,Georgia,Calhoun County
13039,Georgia,Camden County
13043,Georgia,Candler County
13045,Georgia,Carroll County
13047,Georgia,Catoosa County
13049,Georgia,Charlton County
13051,Georgia,Chatham County
13053,Georgia,Chattahoochee County
13055,Georgia,Chattooga County
13057,Georgia,Cherokee County
13059,Georgia,Clarke County
13061,Georgia,Clay County
13063,Georgia,Clayton County
13065,Georgia,Clinch County
13067,Georgia,Cobb County
13069,Georgia,Coffee County
13071,Georgia,Colquitt County
13073,Georgia,Columbia County
13075,Georgia,Cook County
13077,Georgia,Coweta County
13079,Georgia,Crawford County
13081,Georgia,Crisp County
13083,Georgia,Dade County
13085,Georgia,Dawson County
13087,Georgia,Decatur County
13089,Georgia,DeKalb County
13091,Georgia,Dodge County
13093,Georgia,Dooly County
13095,Georgia,Dougherty County
13097,Georgia,Douglas County
13099,Georgia,Early County
13101,Georgia,Echols County
13103,Georgia,Effingham County
13105,Georgia,Elbert County
13107,Georgia,Emanuel County
13109,Georgia,Evans County
13111,Georgia,Fannin County
13113,Georgia,Fayette County
13115,Georgia,Floyd County
13117,Georgia,Forsyth County
13119,Georgia,Franklin County
13121,Georgia,Fulton County
13123,Georgia,Gilmer County
13125,Georgia,Glascock County
13127,Georgia,Glynn County
13129,Georgia,Gordon County
13131,Georgia,Grady County
13133,Georgia,Greene County
13135,Georgia,Gwinnett County
13137,Georgia,Habersham County
13139,Georgia,Hall County
13141,Georgia,Hancock County
13143,Georgia,Haralson County
13145,Georgia,Harris County
13147,Georgia,Hart County
13149,Georgia,Heard County
13151,Georgia,Henry County
13153,Georgia,Houston County
13155,Georgia,Irwin County
13157,Georgia,Jackson County
13159,Georgia,Jasper County
13161,Georgia,Jeff Davis County
13163,Georgia,Jefferson County
13165,Georgia,Jenkins County
13167,Georgia,Johnson County
13169,Georgia,Jones County
13171,Georgia,Lamar County
13173,Georgia,Lanier County
13175,Georgia,Laurens County
13177,Georgia,Lee County
13179,Georgia,Liberty County
13181,Georgia,Lincoln County
13183,Georgia,Long County
13185,Georgia,Lowndes County
13187,Georgia,Lumpkin County
13189,Georgia,McDuffie County
13191,Georgia,McIntosh County
13193,Georgia,Macon County
13195,Georgia,Madison County
13197,Georgia,Marion County
13199,Georgia,Meriwether County
13201,Georgia,Miller County
13205,Georgia,Mitchell County
13207,Georgia,Monroe County
13209,Georgia,Montgomery County
13211,Georgia,Morgan County
13213,Georgia,Murray County
13215,Georgia,Muscogee County
13217,Georgia,Newton County
13219,Georgia,Oconee County
13221,Georgia,Oglethorpe County
13223,Georgia,Paulding County
13225,Georgia,Peach County
13227,Georgia,Pickens County
13229,Georgia,Pierce County
13231,Georgia,Pike County
13233,Georgia,Polk County
13235,Georgia,Pulaski County
13237,Georgia,Putnam County
13239,Georgia,Quitman County
13241,Georgia,Rabun County
13243,Georgia,Randolph County
13245,Georgia,Richmond County
13247,Georgia,Rockdale County
13249,Georgia,Schley County
13251,Georgia,Screven County
13253,Georgia,Seminole County
13255,Georgia,Spalding County
13257,Georgia,Stephens County
13259,Georgia,Stewart County
13261,Georgia,Sumter County
13263,Georgia,Talbot County
13265,Georgia,Taliaferro County
13267,Georgia,Tattnall County
13269,Georgia,Taylor County
13271,Georgia,Telfair County
13273,Georgia,Terrell County
13275,Georgia,Thomas County
13277,Georgia,Tift County
13279,Georgia,Toombs County
13281,Georgia,Towns County
13283,Georgia,Treutlen County
13285,Georgia,Troup County
13287,Georgia,Turner County
13289,Georgia,Twiggs County
13291,Georgia,Union County
13293,Georgia,Upson County
13295,Georgia,Walker County
13297,Georgia,Walton County
13299,Georgia,Ware County
13301,Georgia,Warren County
13303,Georgia,Washington County
13305,Georgia,Wayne County
13307,Georgia,Webster County
13309,Georgia,Wheeler County
13311,Georgia,White County
13313,Georgia,Whitfield County
13315,Georgia,Wilcox County
13317,Georgia,Wilkes County
13319,Georgia,Wilkinson County
13321,Georgia,Worth County
15001,Hawaii,Hawaii County
15003,Hawaii,Honolulu County
15005,Hawaii,Kalawao County
15007,Hawaii,Kauai County
15009,Hawaii,Maui County
16001,Idaho,Ada County
16003,Idaho,Adams County
16005,Idaho,Bannock County
16007,Idaho,Bear Lake County
16009,Idaho,Benewah County
16011,Idaho,Bingham County
16013,Idaho,Blaine County
16015,Idaho,Boise County
16017,Idaho,Bonner County
16019,Idaho,Bonneville County
16021,Idaho,Boundary County
16023,Idaho,Butte County
16025,Idaho,Camas County
16027,Idaho,Canyon County
16029,Idaho,Caribou County
16031,Idaho,Cassia County
16033,Idaho,Clark County
16035,Idaho,Clearwater County
16037,Idaho,Custer County
16039,Idaho,Elmore County
16041,Idaho,Franklin County
16043,Idaho,Fremont County
16045,Idaho,Gem County
16047,Idaho,Gooding County
16049,Idaho,Idaho County
16051,Idaho,Jefferson County
16053,Idaho,Jerome County
16055,Idaho,Kootenai County
16057,Idaho,Latah County
16059,Idaho,Lemhi County
16061,Idaho,Lewis County
16063,Idaho,Lincoln County
16065,Idaho,Madison County
16067,Idaho,Minidoka County
16069,Idaho,Nez Perce County
16071,Idaho,Oneida County
16073,Idaho,Owyhee County
16075,Idaho,Payette County
16077,Idaho,Power County
16079,Idaho,Shoshone County
16081,Idaho,Teton County
16083,Idaho,Twin Falls County
16085,Idaho,Valley County
16087,Idaho,Washington County
17001,Illinois,Adams County
17003,Illinois,Alexander County
17005,Illinois,Bond County
17007,Illinois,Boone County
17009,Illinois,Brown County
17011,Illinois,Bureau County
17013,Illinois,Calhoun County
17015,Illinois,Carroll County
17017,Illinois,Cass County
17019,Illinois,Champaign County
17021,Illinois,Christian County
17023,Illinois,Clark County
17025,Illinois,Clay County
17027,Illinois,Clinton County
17029,Illinois,Coles County
17031,Illinois,Cook County
17033,Illinois,Crawford County
17035,Illinois,Cumberland County
17037,Illinois,DeKalb County
17039,Illinois,De Witt County
17041,Illinois,Douglas County
17043,Illinois,DuPage County
17045,Illinois,Edgar County
17047,Illinois,Edwards County
17049,Illinois,Effingham County
17051,Illinois,Fayette County
17053,Illinois,Ford County
17055,Illinois,Franklin County
17057,Illinois,Fulton County
17059,Illinois,Gallatin County
17061,Illinois,Greene County
17063,Illinois,Grundy County
17065,Illinois,Hamilton County
17067,Illinois,Hancock County
17069,Illinois,Hardin County
17071,Illinois,Henderson County
17073,Illinois,Henry County
17075,Illinois,Iroquois County
17077,Illinois,Jackson County
17079,Illinois,Jasper County
17081,Illinois,Jefferson County
17083,Illinois,Jersey County
17085,Illinois,Jo Daviess County
17087,Illinois,Johnson County
17089,Illinois,Kane County
17091,Illinois,Kankakee County
17093,Illinois,Kendall County
17095,Illinois,Knox County
17097,Illinois,Lake County
17099,Illinois,LaSalle County
17101,Illinois,Lawrence County
17103,Illinois,Lee County
17105,Illinois,Livingston County
17107,Illinois,Logan County
17109,Illinois,McDonough County
17111,Illinois,McHenry County
17113,Illinois,McLean County
17115,Illinois,Macon County
17117,Illinois,Macoupin County
17119,Illinois,Madison County
17121,Illinois,Marion County
17123,Illinois,Marshall County
17125,Illinois,Mason County
17127,Illinois,Massac County
17129,Illinois,Menard County
17131,Illinois,Mercer County
17133,Illinois,Monroe County
17135,Illinois,Montgomery County
17137,Illinois,Morgan County
17139,Illinois,Moultrie County
17141,Illinois,Ogle County
17143,Illinois,Peoria County
17145,Illinois,Perry County
17147,Illinois,Piatt County
17149,Illinois,Pike County
17151,Illinois,Pope County
17153,Illinois,Pulaski County
17155,Illinois,Putnam County
17157,Illinois,Randolph County
17159,Illinois,Richland County
17161,Illinois,Rock Island County
17163,Illinois,St. Clair County
17165,Illinois,Saline County
17167,Illinois,Sangamon County
17169,Illinois,Schuyler County
17171,Illinois,Scott County
17173,Illinois,Shelby County
17175,Illinois,Stark County
17177,Illinois,Stephenson County
17179,Illinois,Tazewell County
17181,Illinois,Union County
17183,Illinois,Vermilion County
17185,Illinois,Wabash County
17187,Illinois,Warren County
17189,Illinois,Washington County
17191,Illinois,Wayne County
17193,Illinois,White County
17195,Illinois,Whiteside County
17197,Illinois,Will County
17199,Illinois,Williamson County
17201,Illinois,Winnebago County
17203,Illinois,Woodford County
18001,Indiana,Adams County
18003,Indiana,Allen County
18005,Indiana,Bartholomew County
18007,Indiana,Benton County
18009,Indiana,Blackford County
18011,Indiana,Boone County
18013,Indiana,Brown County
18015,Indiana,Carroll County
18017,Indiana,Cass County
18019,Indiana,Clark County
18021,Indiana,Clay County
18023,Indiana,Clinton County
18025,Indiana,Crawford County
18027,Indiana,Daviess County
18029,Indiana,Dearborn County
18031,Indiana,Decatur County
18033,Indiana,DeKalb County
18035,Indiana,Delaware County
18037,Indiana,Dubois County
18039,Indiana,Elkhart County
18041,Indiana,Fayette County
18043,Indiana,Floyd County
18045,Indiana,Fountain County
18047,Indiana,Franklin County
18049,Indiana,Fulton County
18051,Indiana,Gibson County
18053,Indiana,Grant County
18055,Indiana,Greene County
18057,Indiana,Hamilton County
18059,Indiana,Hancock County
18061,Indiana,Harrison County
18063,Indiana,Hendricks County
18065,Indiana,Henry County
18067,Indiana,Howard County
18069,Indiana,Huntington County
18071,Indiana,Jackson County
18073,Indiana,Jasper County
18075,Indiana,Jay County
18077,Indiana,Jefferson County
18079,Indiana,Jennings County
18081,Indiana,Johnson County
18083,Indiana,Knox County
18085,Indiana,Kosciusko County
18087,Indiana,LaGrange County
18089,Indiana,Lake County
18091,Indiana,LaPorte County
18093,Indiana,Lawrence County
18095,Indiana,Madison County
18097,Indiana,Marion County
18099,Indiana,Marshall County
18101,Indiana,Martin County
18103,Indiana,Miami County
18105,Indiana,Monroe County
18107,Indiana,Montgomery County
18109,Indiana,Morgan County
18111,Indiana,Newton County
18113,Indiana,Noble County
18115,Indiana,Ohio County
18117,Indiana,Orange County
18119,Indiana,Owen County
18121,Indiana,Parke County
18123,Indiana,Perry County
18125,Indiana,Pike County
18127,Indiana,Porter County
18129,Indiana,Posey County
18131,Indiana,Pulaski County
18133,Indiana,Putnam County
18135,Indiana,Randolph County
18137,Indiana,Ripley County
18139,Indiana,Rush County
18141,Indiana,St. Joseph County
18143,Indiana,Scott County
18145,Indiana,Shelby County
18147,Indiana,Spencer County
18149,Indiana,Starke County
18151,Indiana,Steuben County
18153,Indiana,Sullivan County
18155,Indiana,Switzerland County
18157,Indiana,Tippecanoe County
18159,Indiana,Tipton County
18161,Indiana,Union County
18163,Indiana,Vanderburgh County
18165,Indiana,Vermillion County
18167,Indiana,Vigo County
18169,Indiana,Wabash County
18171,Indiana,Warren County
18173,Indiana,Warrick County
18175,Indiana,Washington County
18177,Indiana,Wayne County
18179,Indiana,Wells County
18181,Indiana,White County
18183,Indiana,Whitley County
19001,Iowa,Adair County
19003,Iowa,Adams County
19005,Iowa,Allamakee County
19007,Iowa,Appanoose County
19009,Iowa,Audubon County
19011,Iowa,Benton County
19013,Iowa,Black Hawk County
19015,Iowa,Boone County
19017,Iowa,Bremer County
19019,Iowa,Buchanan County
19021,Iowa,Buena Vista County
19023,Iowa,Butler County
19025,Iowa,Calhoun County
19027,Iowa,Carroll County
19029,Iowa,Cass County
19031,Iowa,Cedar County
19033,Iowa,Cerro Gordo County
19035,Iowa,Cherokee County
19037,Iowa,Chickasaw County
19039,Iowa,Clarke County
19041,Iowa,Clay County
19043,Iowa,Clayton County
19045,Iowa,Clinton County
19047,Iowa,Crawford County
19049,Iowa,Dallas County
19051,Iowa,Davis County
19053,Iowa,Decatur County
19055,Iowa,Delaware County
19057,Iowa,Des Moines County
19059,Iowa,Dickinson County
19061,Iowa,Dubuque County
19063,Iowa,Emmet County
19065,Iowa,Fayette County
19067,Iowa,Floyd County
19069,Iowa,Franklin County
19071,Iowa,Fremont County
19073,Iowa,Greene County
19075,Iowa,Grundy County
19077,Iowa,Guthrie County
19079,Iowa,Hamilton County
19081,Iowa,Hancock County
19083,Iowa,Hardin County
19085,Iowa,Harrison County
19087,Iowa,Henry County
19089,Iowa,Howard County
19091,Iowa,Humboldt County
19093,Iowa,Ida County
19095,Iowa,Iowa County
19097,Iowa,Jackson County
19099,Iowa,Jasper County
19101,Iowa,Jefferson County
19103,Iowa,Johnson County
19105,Iowa,Jones County
19107,Iowa,Keokuk County
19109,Iowa,Kossuth County
19111,Iowa,Lee County
19113,Iowa,Linn County
19115,Iowa,Louisa County
19117,Iowa,Lucas County
19119,Iowa,Lyon County
19121,Iowa,Madison County
19123,Iowa,Mahaska County
19125,Iowa,Marion County
19127,Iowa,Marshall County
19129,Iowa,Mills County
19131,Iowa,Mitchell County
19133,Iowa,Monona County
19135,Iowa,Monroe County
19137,Iowa,Montgomery County
19139,Iowa,Muscatine County
19141,Iowa,O'Brien County
19143,Iowa,Osceola County
19145,Iowa,Page County
19147,Iowa,Palo Alto County
19149,Iowa,Plymouth County
19151,Iowa,Pocahontas County
19153,Iowa,Polk County
19155,Iowa,Pottawattamie County
19157,Iowa,Poweshiek County
19159,Iowa,Ringgold County
19161,Iowa,Sac County
19163,Iowa,Scott County
19165,Iowa,Shelby County
19167,Iowa,Sioux County
19169,Iowa,Story County
19171,Iowa,Tama County
19173,Iowa,Taylor County
19175,Iowa,Union County
19177,Iowa,Van Buren County
19179,Iowa,Wapello County
19181,Iowa,Warren County
19183,Iowa,Washington County
19185,Iowa,Wayne County
19187,Iowa,Webster County
19189,Iowa,Winnebago County
19191,Iowa,Winneshiek County
19193,Iowa,Woodbury County
19195,Iowa,Worth County
19197,Iowa,Wright County
20001,Kansas,Allen County
20003,Kansas,Anderson County
20005,Kansas,Atchison County
20007,Kansas,Barber County
20009,Kansas,Barton County
20011,Kansas,Bourbon County
20013,Kansas,Brown County
20015,Kansas,Butler County
20017,Kansas,Chase County
20019,Kansas,Chautauqua County
20021,Kansas,Cherokee County
20023,Kansas,Cheyenne County
20025,Kansas,Clark County
20027,Kansas,Clay County
20029,Kansas,Cloud County
20031,Kansas,Coffey County
20033,Kansas,Comanche County
20035,Kansas,Cowley County
20037,Kansas,Crawford County
20039,Kansas,Decatur County
20041,Kansas,Dickinson County
20043,Kansas,Doniphan County
20045,Kansas,Douglas County
20047,Kansas,Edwards County
20049,Kansas,Elk County
20051,Kansas,Ellis County
20053,Kansas,Ellsworth County
20055,Kansas,Finney County
20057,Kansas,Ford County
20059,Kansas,Franklin County
20061,Kansas,Geary County
20063,Kansas,Gove County
20065,Kansas,Graham County
20067,Kansas,Grant County
20069,Kansas,Gray County
20071,Kansas,Greeley County
20073,Kansas,Greenwood County
20075,Kansas,Hamilton County
20077,Kansas,Harper County
20079,Kansas,Harvey County
20081,Kansas,Haskell County
20083,Kansas,Hodgeman County
20085,Kansas,Jackson County
20087,Kansas,Jefferson County
20089,Kansas,Jewell County
20091,Kansas,Johnson County
20093,Kansas,Kearny County
20095,Kansas,Kingman County
20097,Kansas,Kiowa County
20099,Kansas,Labette County
20101,Kansas,Lane County
20103,Kansas,Leavenworth County
20105,Kansas,Lincoln County
20107,Kansas,Linn County
20109,Kansas,Logan County
20111,Kansas,Lyon County
20113,Kansas,McPherson County
20115,Kansas,Marion County
20117,Kansas,Marshall County
20119,Kansas,Meade County
20121,Kansas,Miami County
20123,Kansas,Mitchell County
20125,Kansas,Montgomery County
20127,Kansas,Morris County
20129,Kansas,Morton County
20131,Kansas,Nemaha County
20133,Kansas,Neosho County
20135,Kansas,Ness County
20137,Kansas,Norton County
20139,Kansas,Osage County
20141,Kansas,Osborne County
20143,Kansas,Ottawa County
20145,Kansas,Pawnee County
20147,Kansas,Phillips County
20149,Kansas,Pottawatomie County
20151,Kansas,Pratt County
20153,Kansas,Rawlins County
20155,Kansas,Reno County
20157,Kansas,Republic County
20159,Kansas,Rice County
20161,Kansas,Riley County
20163,Kansas,Rooks County
20165,Kansas,Rush County
20167,Kansas,Russell County
20169,Kansas,Saline County
20171,Kansas,Scott County
20173,Kansas,Sedgwick County
20175,Kansas,Seward County
20177,Kansas,Shawnee County
20179,Kansas,Sheridan County
20181,Kansas,Sherman County
20183,Kansas,Smith County
20185,Kansas,Stafford County
20187,Kansas,Stanton County
20189,Kansas,Stevens County
20191,Kansas,Sumner County
20193,Kansas,Thomas County
20195,Kansas,Trego County
20197,Kansas,Wabaunsee County
20199,Kansas,Wallace County
20201,Kansas,Washington County
20203,Kansas,Wichita County
20205,Kansas,Wilson County
20207,Kansas,Woodson County
20209,Kansas,Wyandotte County
21001,Kentucky,Adair County
21003,Kentucky,Allen County
21005,Kentucky,Anderson County
21007,Kentucky,Ballard County
21009,Kentucky,Barren County
21011,Kentucky,Bath County
21013,Kentucky,Bell County
21015,Kentucky,Boone County
21017,Kentucky,Bourbon County
21019,Kentucky,Boyd County
21021,Kentucky,Boyle County
21023,Kentucky,Bracken County
21025,Kentucky,Breathitt County
21027,Kentucky,Breckinridge County
21029,Kentucky,Bullitt County
21031,Kentucky,Butler County
21033,Kentucky,Caldwell County
21035,Kentucky,Calloway County
21037,Kentucky,Campbell County
21039,Kentucky,Carlisle County
21041,Kentucky,Carroll County
21043,Kentucky,Carter County
21045,Kentucky,Casey County
21047,Kentucky,Christian County
21049,Kentucky,Clark County
21051,Kentucky,Clay County
21053,Kentucky,Clinton County
21055,Kentucky,Crittenden County
21057,Kentucky,Cumberland County
21059,Kentucky,Daviess County
21061,Kentucky,Edmonson County
21063,Kentucky,Elliott County
21065,Kentucky,Estill County
21067,Kentucky,Fayette County
21069,Kentucky,Fleming County
21071,Kentucky,Floyd County
21073,Kentucky,Franklin County
21075,Kentucky,Fulton County
21077,Kentucky,Gallatin County
21079,Kentucky,Garrard County
21081,Kentucky,Grant County
21083,Kentucky,Graves County
21085,Kentucky,Grayson County
21087,Kentucky,Green County
21089,Kentucky,Greenup County
21091,Kentucky,Hancock County
21093,Kentucky,Hardin County
21095,Kentucky,Harlan County
21097,Kentucky,Harrison County
21099,Kentucky,Hart County
21101,Kentucky,Henderson County
21103,Kentucky,Henry County
21105,Kentucky,Hickman County
21107,Kentucky,Hopkins County
21109,Kentucky,Jackson County
21111,Kentucky,Jefferson County
21113,Kentucky,Jessamine County
21115,Kentucky,Johnson County
21117,Kentucky,Kenton County
21119,Kentucky,Knott County
21121,Kentucky,Knox County
21123,Kentucky,Larue County
21125,Kentucky,Laurel County
21127,Kentucky,Lawrence County
21129,Kentucky,Lee County
21131,Kentucky,Leslie County
21133,Kentucky,Letcher County
21135,Kentucky,Lewis County
21137,Kentucky,Lincoln County
21139,Kentucky,Livingston County
21141,Kentucky,Logan County
21143,Kentucky,Lyon County
21145,Kentucky,McCracken County
21147,Kentucky,McCreary County
21149,Kentucky,McLean County
21151,Kentucky,Madison County
21153,Kentucky,Magoffin County
21155,Kentucky,Marion County
21157,Kentucky,Marshall County
21159,Kentucky,Martin County
21161,Kentucky,Mason County
21163,Kentucky,Meade County
21165,Kentucky,Menifee County
21167,Kentucky,Mercer County
21169,Kentucky,Metcalfe County
21171,Kentucky,Monroe County
21173,Kentucky,Montgomery County
21175,Kentucky,Morgan County
21177,Kentucky,Muhlenberg County
21179,Kentucky,Nelson County
21181,Kentucky,Nicholas County
21183,Kentucky,Ohio County
21185,Kentucky,Oldham County
21187,Kentucky,Owen County
21189,Kentucky,Owsley County
21191,Kentucky,Pendleton County
21193,Kentucky,Perry County
21195,Kentucky,Pike County
21197,Kentucky,Powell County
21199,Kentucky,Pulaski County
21201,Kentucky,Robertson County
21203,Kentucky,Rockcastle County
21205,Kentucky,Rowan County
21207,Kentucky,Russell County
21209,Kentucky,Scott County
21211,Kentucky,Shelby County
21213,Kentucky,Simpson County
21215,Kentucky,Spencer County
21217,Kentucky,Taylor County
21219,Kentucky,Todd County
21221,Kentucky,Trigg County
21223,Kentucky,Trimble County
21225,Kentucky,Union County
21227,Kentucky,Warren County
21229,Kentucky,Washington County
21231,Kentucky,Wayne County
21233,Kentucky,Webster County
21235,Kentucky,Whitley County
21237,Kentucky,Wolfe County
21239,Kentucky,Woodford County
22001,Louisiana,Acadia Parish
22003,Louisiana,Allen Parish
22005,Louisiana,Ascension Parish
22007,Louisiana,Assumption Parish
22009,Louisiana,Avoyelles Parish
22011,Louisiana,Beauregard Parish
22013,Louisiana,Bienville Parish
22015,Louisiana,Bossier Parish
22017,Louisiana,Caddo Parish
22019,Louisiana,Calcasieu Parish
22021,Louisiana,Caldwell Parish
22023,Louisiana,Cameron Parish
22025,Louisiana,Catahoula Parish
22027,Louisiana,Claiborne Parish
22029,Louisiana,Concordia Parish
22031,Louisiana,De Soto Parish
22033,Louisiana,East Baton Rouge Parish
22035,Louisiana,East Carroll Parish
22037,Louisiana,East Feliciana Parish
22039,Louisiana,Evangeline Parish
22041,Louisiana,Franklin Parish
22043,Louisiana,Grant Parish
22045,Louisiana,Iberia Parish
22047,Louisiana,Iberville Parish
22049,Louisiana,Jackson Parish
22051,Louisiana,Jefferson Parish
22053,Louisiana,Jefferson Davis Parish
22055,Louisiana,Lafayette Parish
22057,Louisiana,Lafourche Parish
22059,Louisiana,La Salle Parish
22061,Louisiana,Lincoln Parish
22063,Louisiana,Livingston Parish
22065,Louisiana,Madison Parish
22067,Louisiana,Morehouse Parish
22069,Louisiana,Natchitoches Parish
22071,Louisiana,Orleans Parish
22073,Louisiana,Ouachita Parish
22075,Louisiana,Plaquemines Parish
22077,Louisiana,Pointe Coupee Parish
22079,Louisiana,Rapides Parish
22081,Louisiana,Red River Parish
22083,Louisiana,Richland Parish
22085,Louisiana,Sabine Parish
22087,Louisiana,St. Bernard Parish
22089,Louisiana,St. Charles Parish
22091,Louisiana,St. Helena Parish
22093,Louisiana,St. James Parish
22095,Louisiana,St. John the Baptist Parish
22097,Louisiana,St. Landry Parish
22099,Louisiana,St. Martin Parish
22101,Louisiana,St. Mary Parish
22103,Louisiana,St. Tammany Parish
22105,Louisiana,Tangipahoa Parish
22107,Louisiana,Tensas Parish
22109,Louisiana,Terrebonne Parish
22111,Louisiana,Union Parish
22113,Louisiana,Vermilion Parish
22115,Louisiana,Vernon Parish
22117,Louisiana,Washington Parish
22119,Louisiana,Webster Parish
22121,Louisiana,West Baton Rouge Parish
22123,Louisiana,West Carroll Parish
22125,Louisiana,West Feliciana Parish
22127,Louisiana,Winn Parish
23001,Maine,Androscoggin County
23003,Maine,Aroostook County
23005,Maine,Cumberland County
23007,Maine,Franklin County
23009,Maine,Hancock County
23011,Maine,Kennebec County
23013,Maine,Knox County
23015,Maine,Lincoln County
23017,Maine,Oxford County
23019,Maine,Penobscot County
23021,Maine,Piscataquis County
23023,Maine,Sagadahoc County
23025,Maine,Somerset County
23027,Maine,Waldo County
23029,Maine,Washington County
23031,Maine,York County
24001,Maryland,Allegany County
24003,Maryland,Anne Arundel County
24005,Maryland,Baltimore County
24009,Maryland,Calvert County
24011,Maryland,Caroline County
24013,Maryland,Carroll County
24015,Maryland,Cecil County
24017,Maryland,Charles County
24019,Maryland,Dorchester County
24021,Maryland,Frederick County
24023,Maryland,Garrett County
24025,Maryland,Harford County
24027,Maryland,Howard County
24029,Maryland,Kent County
24031,Maryland,Montgomery County
24033,Maryland,Prince George's County
24035,Maryland,Queen Anne's County
24037,Maryland,St. Mary's County
24039,Maryland,Somerset County
24041,Maryland,Talbot County
24043,Maryland,Washington County
24045,Maryland,Wicomico County
24047,Maryland,Worcester County
24510,Maryland,Baltimore city
25001,Massachusetts,Barnstable County
25003,Massachusetts,Berkshire County
25005,Massachusetts,Bristol County
25007,Massachusetts,Dukes County
25009,Massachusetts,Essex County
25011,Massachusetts,Franklin County
25013,Massachusetts,Hampden County
25015,Massachusetts,Hampshire County
25017,Massachusetts,Middlesex County
25019,Massachusetts,Nantucket County
25021,Massachusetts,Norfolk County
25023,Massachusetts,Plymouth County
25025,Massachusetts,Suffolk County
25027,Massachusetts,Worcester County
26001,Michigan,Alcona County
26003,Michigan,Alger County
26005,Michigan,Allegan County
26007,Michigan,Alpena County
26009,Michigan,Antrim County
26011,Michigan,Arenac County
26013,Michigan,Baraga County
26015,Michigan,Barry County
26017,Michigan,Bay County
26019,Michigan,Benzie County
26021,Michigan,Berrien County
26023,Michigan,Branch County
26025,Michigan,Calhoun County
26027,Michigan,Cass County
26029,Michigan,Charlevoix County
26031,Michigan,Cheboygan County
26033,Michigan,Chippewa County
26035,Michigan,Clare County
26037,Michigan,Clinton County
26039,Michigan,Crawford County
26041,Michigan,Delta County
26043,Michigan,Dickinson County
26045,Michigan,Eaton County
26047,Michigan,Emmet County
26049,Michigan,Genesee County
26051,Michigan,Gladwin County
26053,Michigan,Gogebic County
26055,Michigan,Grand Traverse County
26057,Michigan,Gratiot County
26059,Michigan,Hillsdale County
26061,Michigan,Houghton County
26063,Michigan,Huron County
26065,Michigan,Ingham County
26067,Michigan,Ionia County
26069,Michigan,Iosco County
26071,Michigan,Iron County
26073,Michigan,Isabella County
26075,Michigan,Jackson County
26077,Michigan,Kalamazoo County
26079,Michigan,Kalkaska County
26081,Michigan,Kent County
26083,Michigan,Keweenaw County
26085,Michigan,Lake County
26087,Michigan,Lapeer County
26089,Michigan,Leelanau County
26091,Michigan,Lenawee County
26093,Michigan,Livingston County
26095,Michigan,Luce County
26097,Michigan,Mackinac County
26099,Michigan,Macomb County
26101,Michigan,Manistee County
26103,Michigan,Marquette County
26105,Michigan,Mason County
26107,Michigan,Mecosta County
26109,Michigan,Menominee County
26111,Michigan,Midland County
26113,Michigan,Missaukee County
26115,Michigan,Monroe County
26117,Michigan,Montcalm County
26119,Michigan,Montmorency County
26121,Michigan,Muskegon County
26123,Michigan,Newaygo County
26125,Michigan,Oakland County
26127,Michigan,Oceana County
26129,Michigan,Ogemaw County
26131,Michigan,Ontonagon County
26133,Michigan,Osceola County
26135,Michigan,Oscoda County
26137,Michigan,Otsego County
26139,Michigan,Ottawa County
26141,Michigan,Presque Isle County
26143,Michigan,Roscommon County
26145,Michigan,Saginaw County
26147,Michigan,St. Clair County
26149,Michigan,St. Joseph County
26151,Michigan,Sanilac County
26153,Michigan,Schoolcraft County
26155,Michigan,Shiawassee County
26157,Michigan,Tuscola County
26159,Michigan,Van Buren County
26161,Michigan,Washtenaw County
26163,Michigan,Wayne County
26165,Michigan,Wexford County
27001,Minnesota,Aitkin County
27003,Minnesota,Anoka County
27005,Minnesota,Becker County
27007,Minnesota,Beltrami County
27009,Minnesota,Benton County
27011,Minnesota,Big Stone County
27013,Minnesota,Blue Earth County
27015,Minnesota,Brown County
27017,Minnesota,Carlton County
27019,Minnesota,Carver County
27021,Minnesota,Cass County
27023,Minnesota,Chippewa County
27025,Minnesota,Chisago County
27027,Minnesota,Clay County
27029,Minnesota,Clearwater County
27031,Minnesota,Cook County
27033,Minnesota,Cottonwood County
27035,Minnesota,Crow Wing County
27037,Minnesota,Dakota County
27039,Minnesota,Dodge County
27041,Minnesota,Douglas County
27043,Minnesota,Faribault County
27045,Minnesota,Fillmore County
27047,Minnesota,Freeborn County
27049,Minnesota,Goodhue County
27051,Minnesota,Grant County
27053,Minnesota,Hennepin County
27055,Minnesota,Houston County
27057,Minnesota,Hubbard County
27059,Minnesota,Isanti County
27061,Minnesota,Itasca County
27063,Minnesota,Jackson County
27065,Minnesota,Kanabec County
27067,Minnesota,Kandiyohi County
27069,Minnesota,Kittson County
27071,Minnesota,Koochiching County
27073,Minnesota,Lac qui Parle County
27075,Minnesota,Lake County
27077,Minnesota,Lake of the Woods County
27079,Minnesota,Le Sueur County
27081,Minnesota,Lincoln County
27083,Minnesota,Lyon County
27085,Minnesota,McLeod County
27087,Minnesota,Mahnomen County
27089,Minnesota,Marshall County
27091,Minnesota,Martin County
27093,Minnesota,Meeker County
27095,Minnesota,Mille Lacs County
27097,Minnesota,Morrison County
27099,Minnesota,Mower County
27101,Minnesota,Murray County
27103,Minnesota,Nicollet County
27105,Minnesota,Nobles County
27107,Minnesota,Norman County
27109,Minnesota,Olmsted County
27111,Minnesota,Otter Tail County
27113,Minnesota,Pennington County
27115,Minnesota,Pine County
27117,Minnesota,Pipestone County
27119,Minnesota,Polk County
27121,Minnesota,Pope County
27123,Minnesota,Ramsey County
27125,Minnesota,Red Lake County
27127,Minnesota,Redwood County
27129,Minnesota,Renville County
27131,Minnesota,Rice County
27133,Minnesota,Rock County
27135,Minnesota,Roseau County
27137,Minnesota,St. Louis County
27139,Minnesota,Scott County
27141,Minnesota,Sherburne County
27143,Minnesota,Sibley County
27145,Minnesota,Stearns County
27147,Minnesota,Steele County
27149,Minnesota,Stevens County
27151,Minnesota,Swift County
27153,Minnesota,Todd County
27155,Minnesota,Traverse County
27157,Minnesota,Wabasha County
27159,Minnesota,Wadena County
27161,Minnesota,Waseca County
27163,Minnesota,Washington County
27165,Minnesota,Watonwan County
27167,Minnesota,Wilkin County
27169,Minnesota,Winona County
27171,Minnesota,Wright County
27173,Minnesota,Yellow Medicine County
28001,Mississippi,Adams County
28003,Mississippi,Alcorn County
28005,Mississippi,Amite County
28007,Mississippi,Attala County
28009,Mississippi,Benton County
28011,Mississippi,Bolivar County
28013,Mississippi,Calhoun County
28015,Mississippi,Carroll County
28017,Mississippi,Chickasaw County
28019,Mississippi,Choctaw County
28021,Mississippi,Claiborne County
28023,Mississippi,Clarke County
28025,Mississippi,Clay County
28027,Mississippi,Coahoma County
28029,Mississippi,Copiah County
28031,Mississippi,Covington County
28033,Mississippi,DeSoto County
28035,Mississippi,Forrest County
28037,Mississippi,Franklin County
28039,Mississippi,George County
28041,Mississippi,Greene County
28043,Mississippi,Grenada County
28045,Mississippi,Hancock County
28047,Mississippi,Harrison County
28049,Mississippi,Hinds County
28051,Mississippi,Holmes County
28053,Mississippi,Humphreys County
28055,Mississippi,Issaquena County
28057,Mississippi,Itawamba County
28059,Mississippi,Jackson County
28061,Mississippi,Jasper County
28063,Mississippi,Jefferson County
28065,Mississippi,Jefferson Davis County
28067,Mississippi,Jones County
28069,Mississippi,Kemper County
28071,Mississippi,Lafayette County
28073,Mississippi,Lamar County
28075,Mississippi,Lauderdale County
28077,Mississippi,Lawrence County
28079,Mississippi,Leake County
28081,Mississippi,Lee County
28083,Mississippi,Leflore County
28085,Mississippi,Lincoln County
28087,Mississippi,Lowndes County
28089,Mississippi,Madison County
28091,Mississippi,Marion County
28093,Mississippi,Marshall County
28095,Mississippi,Monroe County
28097,Mississippi,Montgomery County
28099,Mississippi,Neshoba County
28101,Mississippi,Newton County
28103,Mississippi,Noxubee County
28105,Mississippi,Oktibbeha County
28107,Mississippi,Panola County
28109,Mississippi,Pearl River County
28111,Mississippi,Perry County
28113,Mississippi,Pike County
28115,Mississippi,Pontotoc County
28117,Mississippi,Prentiss County
28119,Mississippi,Quitman County
28121,Mississippi,Rankin County
28123,Mississippi,Scott County
28125,Mississippi,Sharkey County
28127,Mississippi,Simpson County
28129,Mississippi,Smith County
28131,Mississippi,Stone County
28133,Mississippi,Sunflower County
28135,Mississippi,Tallahatchie County
28137,Mississippi,Tate County
28139,Mississippi,Tippah County
28141,Mississippi,Tishomingo County
28143,Mississippi,Tunica County
28145,Mississippi,Union County
28147,Mississippi,Walthall County
28149,Mississippi,Warren County
28151,Mississippi,Washington County
28153,Mississippi,Wayne County
28155,Mississippi,Webster County
28157,Mississippi,Wilkinson County
28159,Mississippi,Winston County
28161,Mississippi,Yalobusha County
28163,Mississippi,Yazoo County
29001,Missouri,Adair County
29003,Missouri,Andrew County
29005,Missouri,Atchison County
29007,Missouri,Audrain County
29009,Missouri,Barry County
29011,Missouri,Barton County
29013,Missouri,Bates County
29015,Missouri,Benton County
29017,Missouri,Bollinger County
29019,Missouri,Boone County
29021,Missouri,Buchanan County
29023,Missouri,Butler County
29025,Missouri,Caldwell County
29027,Missouri,Callaway County
29029,Missouri,Camden County
29031,Missouri,Cape Girardeau County
29033,Missouri,Carroll County
29035,Missouri,Carter County
29037,Missouri,Cass County
29039,Missouri,Cedar County
29041,Missouri,Chariton County
29043,Missouri,Christian County
29045,Missouri,Clark County
29047,Missouri,Clay County
29049,Missouri,Clinton County
29051,Missouri,Cole County
29053,Missouri,Cooper County
29055,Missouri,Crawford County
29057,Missouri,Dade County
29059,Missouri,Dallas County
29061,Missouri,Daviess County
29063,Missouri,DeKalb County
29065,Missouri,Dent County
29067,Missouri,Douglas County
29069,Missouri,Dunklin County
29071,Missouri,Franklin County
29073,Missouri,Gasconade County
29075,Missouri,Gentry County
29077,Missouri,Greene County
29079,Missouri,Grundy County
29081,Missouri,Harrison County
29083,Missouri,Henry County
29085,Missouri,Hickory County
29087,Missouri,Holt County
29089,Missouri,Howard County
29091,Missouri,Howell County
29093,Missouri,Iron County
29095,Missouri,Jackson County
29097,Missouri,Jasper County
29099,Missouri,Jefferson County
29101,Missouri,Johnson County
29103,Missouri,Knox County
29105,Missouri,Laclede County
29107,Missouri,Lafayette County
29109,Missouri,Lawrence County
29111,Missouri,Lewis County
29113,Missouri,Lincoln County
29115,Missouri,Linn County
29117,Missouri,Livingston County
29119,Missouri,McDonald County
29121,Missouri,Macon County
29123,Missouri,Madison County
29125,Missouri,Maries County
29127,Missouri,Marion County
29129,Missouri,Mercer County
29131,Missouri,Miller County
29133,Missouri,Mississippi County
29135,Missouri,Moniteau County
29137,Missouri,Monroe County
29139,Missouri,Montgomery County
29141,Missouri,Morgan County
29143,Missouri,New Madrid County
29145,Missouri,Newton County
29147,Missouri,Nodaway County
29149,Missouri,Oregon County
29151,Missouri,Osage County
29153,Missouri,Ozark County
29155,Missouri,Pemiscot County
29157,Missouri,Perry County
29159,Missouri,Pettis County
29161,Missouri,Phelps County
29163,Missouri,Pike County
29165,Missouri,Platte County
29167,Missouri,Polk County
29169,Missouri,Pulaski County
29171,Missouri,Putnam County
29173,Missouri,Ralls County
29175,Missouri,Randolph County
29177,Missouri,Ray County
29179,Missouri,Reynolds County
29181,Missouri,Ripley County
29183,Missouri,St. Charles County
29185,Missouri,St. Clair County
29186,Missouri,Ste. Genevieve County
29187,Missouri,St. Francois County
29189,Missouri,St. Louis County
29195,Missouri,Saline County
29197,Missouri,Schuyler County
29199,Missouri,Scotland County
29201,Missouri,Scott County
29203,Missouri,Shannon County
29205,Missouri,Shelby County
29207,Missouri,Stoddard County
29209,Missouri,Stone County
29211,Missouri,Sullivan County
29213,Missouri,Taney County
29215,Missouri,Texas County
29217,Missouri,Vernon County
29219,Missouri,Warren County
29221,Missouri,Washington County
29223,Missouri,Wayne County
29225,Missouri,Webster County
29227,Missouri,Worth County
29229,Missouri,Wright County
29510,Missouri,St. Louis city
30001,Montana,Beaverhead County
30003,Montana,Big Horn County
30005,Montana,Blaine County
30007,Montana,Broadwater County
30009,Montana,Carbon County
30011,Montana,Carter County
30013,Montana,Cascade County
30015,Montana,Chouteau County
30017,Montana,Custer County
30019,Montana,Daniels County
30021,Montana,Dawson County
30023,Montana,Deer Lodge County
30025,Montana,Fallon County
30027,Montana,Fergus County
30029,Montana,Flathead County
30031,Montana,Gallatin County
30033,Montana,Garfield County
30035,Montana,Glacier County
30037,Montana,Golden Valley County
30039,Montana,Granite County
30041,Montana,Hill County
30043,Montana,Jefferson County
30045,Montana,Judith Basin County
30047,Montana,Lake County
30049,Montana,Lewis and Clark County
30051,Montana,Liberty County
30053,Montana,Lincoln County
30055,Montana,McCone County
30057,Montana,Madison County
30059,Montana,Meagher County
30061,Montana,Mineral County
30063,Montana,Missoula County
30065,Montana,Musselshell County
30067,Montana,Park County
30069,Montana,Petroleum County
30071,Montana,Phillips County
30073,Montana,Pondera County
30075,Montana,Powder River County
30077,Montana,Powell County
30079,Montana,Prairie County
30081,Montana,Ravalli County
30083,Montana,Richland County
30085,Montana,Roosevelt County
30087,Montana,Rosebud County
30089,Montana,Sanders County
30091,Montana,Sheridan County
30093,Montana,Silver Bow County
30095,Montana,Stillwater County
30097,Montana,Sweet Grass County
30099,Montana,Teton County
30101,Montana,Toole County
30103,Montana,Treasure County
30105,Montana,Valley County
30107,Montana,Wheatland County
30109,Montana,Wibaux County
30111,Montana,Yellowstone County
31001,Nebraska,Adams County
31003,Nebraska,Antelope County
31005,Nebraska,Arthur County
31007,Nebraska,Banner County
31009,Nebraska,Blaine County
31011,Nebraska,Boone County
31013,Nebraska,Box Butte County
31015,Nebraska,Boyd County
31017,Nebraska,Brown County
31019,Nebraska,Buffalo County
31021,Nebraska,Burt County
31023,Nebraska,Butler County
31025,Nebraska,Cass County
31027,Nebraska,Cedar County
31029,Nebraska,Chase County
31031,Nebraska,Cherry County
31033,Nebraska,Cheyenne County
31035,Nebraska,Clay County
31037,Nebraska,Colfax County
31039,Nebraska,Cuming County
31041,Nebraska,Custer County
31043,Nebraska,Dakota County
31045,Nebraska,Dawes County
31047,Nebraska,Dawson County
31049,Nebraska,Deuel County
31051,Nebraska,Dixon County
31053,Nebraska,Dodge County
31055,Nebraska,Douglas County
31057,Nebraska,Dundy County
31059,Nebraska,Fillmore County
31061,Nebraska,Franklin County
31063,Nebraska,Frontier County
31065,Nebraska,Furnas County
31067,Nebraska,Gage County
31069,Nebraska,Garden County
31071,Nebraska,Garfield County
31073,Nebraska,Gosper County
31075,Nebraska,Grant County
31077,Nebraska,Greeley County
31079,Nebraska,Hall County
31081,Nebraska,Hamilton County
31083,Nebraska,Harlan County
31085,Nebraska,Hayes County
31087,Nebraska,Hitchcock County
31089,Nebraska,Holt County
31091,Nebraska,Hooker County
31093,Nebraska,Howard County
31095,Nebraska,Jefferson County
31097,Nebraska,Johnson County
31099,Nebraska,Kearney County
31101,Nebraska,Keith County
31103,Nebraska,Keya Paha County
31105,Nebraska,Kimball County
31107,Nebraska,Knox County
31109,Nebraska,Lancaster County
31111,Nebraska,Lincoln County
31113,Nebraska,Logan County
31115,Nebraska,Loup County
31117,Nebraska,McPherson County
31119,Nebraska,Madison County
31121,Nebraska,Merrick County
31123,Nebraska,Morrill County
31125,Nebraska,Nance County
31127,Nebraska,Nemaha County
31129,Nebraska,Nuckolls County
31131,Nebraska,Otoe County
31133,Nebraska,Pawnee County
31135,Nebraska,Perkins County
31137,Nebraska,Phelps County
31139,Nebraska,Pierce County
31141,Nebraska,Platte County
31143,Nebraska,Polk County
31145,Nebraska,Red Willow County
31147,Nebraska,Richardson County
31149,Nebraska,Rock County
31151,Nebraska,Saline County
31153,Nebraska,Sarpy County
31155,Nebraska,Saunders County
31157,Nebraska,Scotts Bluff County
31159,Nebraska,Seward County
31161,Nebraska,Sheridan County
31163,Nebraska,Sherman County
31165,Nebraska,Sioux County
31167,Nebraska,Stanton County
31169,Nebraska,Thayer County
31171,Nebraska,Thomas County
31173,Nebraska,Thurston County
31175,Nebraska,Valley County
31177,Nebraska,Washington County
31179,Nebraska,Wayne County
31181,Nebraska,Webster County
31183,Nebraska,Wheeler County
31185,Nebraska,York County
32001,Nevada,Churchill County
32003,Nevada,Clark County
32005,Nevada,Douglas County
32007,Nevada,Elko County
32009,Nevada,Esmeralda County
32011,Nevada,Eureka County
32013,Nevada,Humboldt County
32015,Nevada,Lander County
32017,Nevada,Lincoln County
32019,Nevada,Lyon County
32021,Nevada,Mineral County
32023,Nevada,Nye County
32027,Nevada,Pershing County
32029,Nevada,Storey County
32031,Nevada,Washoe County
32033,Nevada,White Pine County
32510,Nevada,Carson City
33001,New Hampshire,Belknap County
33003,New Hampshire,Carroll County
33005,New Hampshire,Cheshire County
33007,New Hampshire,Coos County
33009,New Hampshire,Grafton County
33011,New Hampshire,Hillsborough County
33013,New Hampshire,Merrimack County
33015,New Hampshire,Rockingham County
33017,New Hampshire,Strafford County
33019,New Hampshire,Sullivan County
34001,New Jersey,Atlantic County
34003,New Jersey,Bergen County
34005,New Jersey,Burlington County
34007,New Jersey,Camden County
34009,New Jersey,Cape May County
34011,New Jersey,Cumberland County
34013,New Jersey,Essex County
34015,New Jersey,Gloucester County
34017,New Jersey,Hudson County
34019,New Jersey,Hunterdon County
34021,New Jersey,Mercer County
34023,New Jersey,Middlesex County
34025,New Jersey,Monmouth County
34027,New Jersey,Morris County
34029,New Jersey,Ocean County
34031,New Jersey,Passaic County
34033,New Jersey,Salem County
34035,New Jersey,Somerset County
34037,New Jersey,Sussex County
34039,New Jersey,Union County
34041,New Jersey,Warren County
35001,New Mexico,Bernalillo County
35003,New Mexico,Catron County
35005,New Mexico,Chaves County
35006,New Mexico,Cibola County
35007,New Mexico,Colfax County
35009,New Mexico,Curry County
35011,New Mexico,De Baca County
35013,New Mexico,Doa Ana County
35015,New Mexico,Eddy County
35017,New Mexico,Grant County
35019,New Mexico,Guadalupe County
35021,New Mexico,Harding County
35023,New Mexico,Hidalgo County
35025,New Mexico,Lea County
35027,New Mexico,Lincoln County
35028,New Mexico,Los Alamos County
35029,New Mexico,Luna County
35031,New Mexico,McKinley County
35033,New Mexico,Mora County
35035,New Mexico,Otero County
35037,New Mexico,Quay County
35039,New Mexico,Rio Arriba County
35041,New Mexico,Roosevelt County
35043,New Mexico,Sandoval County
35045,New Mexico,San Juan County
35047,New Mexico,San Miguel County
35049,New Mexico,Santa Fe County
35051,New Mexico,Sierra County
35053,New Mexico,Socorro County
35055,New Mexico,Taos County
35057,New Mexico,Torrance County
35059,New Mexico,Union County
35061,New Mexico,Valencia County
36001,New York,Albany County
36003,New York,Allegany County
36005,New York,Bronx County
36007,New York,Broome County
36009,New York,Cattaraugus County
36011,New York,Cayuga County
36013,New York,Chautauqua County
36015,New York,Chemung County
36017,New York,Chenango County
36019,New York,Clinton County
36021,New York,Columbia County
36023,New York,Cortland County
36025,New York,Delaware County
36027,New York,Dutchess County
36029,New York,Erie County
36031,New York,Essex County
36033,New York,Franklin County
36035,New York,Fulton County
36037,New York,Genesee County
36039,New York,Greene County
36041,New York,Hamilton County
36043,New York,Herkimer County
36045,New York,Jefferson County
36047,New York,Kings County
36005,New York,the Bronx Borough
36047,New York,Brooklyn Borough
36061,New York,Manhattan Borough
36085,New York,Staten Island Borough
36049,New York,Lewis County
36051,New York,Livingston County
36053,New York,Madison County
36055,New York,Monroe County
36057,New York,Montgomery County
36059,New York,Nassau County
36061,New York,New York County
36063,New York,Niagara County
36065,New York,Oneida County
36067,New York,Onondaga County
36069,New York,Ontario County
36071,New York,Orange County
36073,New York,Orleans County
36075,New York,Oswego County
36077,New York,Otsego County
36079,New York,Putnam County
36081,New York,Queens County
36083,New York,Rensselaer County
36085,New York,Richmond County
36087,New York,Rockland County
36089,New York,St. Lawrence County
36091,New York,Saratoga County
36093,New York,Schenectady County
36095,New York,Schoharie County
36097,New York,Schuyler County
36099,New York,Seneca County
36101,New York,Steuben County
36103,New York,Suffolk County
36105,New York,Sullivan County
36107,New York,Tioga County
36109,New York,Tompkins County
36111,New York,Ulster County
36113,New York,Warren County
36115,New York,Washington County
36117,New York,Wayne County
36119,New York,Westchester County
36121,New York,Wyoming County
36123,New York,Yates County
37001,North Carolina,Alamance County
37003,North Carolina,Alexander County
37005,North Carolina,Alleghany County
37007,North Carolina,Anson County
37009,North Carolina,Ashe County
37011,North Carolina,Avery County
37013,North Carolina,Beaufort County
37015,North Carolina,Bertie County
37017,North Carolina,Bladen County
37019,North Carolina,Brunswick County
37021,North Carolina,Buncombe County
37023,North Carolina,Burke County
37025,North Carolina,Cabarrus County
37027,North Carolina,Caldwell County
37029,North Carolina,Camden County
37031,North Carolina,Carteret County
37033,North Carolina,Caswell County
37035,North Carolina,Catawba County
37037,North Carolina,Chatham County
37039,North Carolina,Cherokee County
37041,North Carolina,Chowan County
37043,North Carolina,Clay County
37045,North Carolina,Cleveland County
37047,North Carolina,Columbus County
37049,North Carolina,Craven County
37051,North Carolina,Cumberland County
37053,North Carolina,Currituck County
37055,North Carolina,Dare County
37057,North Carolina,Davidson County
37059,North Carolina,Davie County
37061,North Carolina,Duplin County
37063,North Carolina,Durham County
37065,North Carolina,Edgecombe County
37067,North Carolina,Forsyth County
37069,North Carolina,Franklin County
37071,North Carolina,Gaston County
37073,North Carolina,Gates County
37075,North Carolina,Graham County
37077,North Carolina,Granville County
37079,North Carolina,Greene County
37081,North Carolina,Guilford County
37083,North Carolina,Halifax County
37085,North Carolina,Harnett County
37087,North Carolina,Haywood County
37089,North Carolina,Henderson County
37091,North Carolina,Hertford County
37093,North Carolina,Hoke County
37095,North Carolina,Hyde County
37097,North Carolina,Iredell County
37099,North Carolina,Jackson County
37101,North Carolina,Johnston County
37103,North Carolina,Jones County
37105,North Carolina,Lee County
37107,North Carolina,Lenoir County
37109,North Carolina,Lincoln County
37111,North Carolina,McDowell County
37113,North Carolina,Macon County
37115,North Carolina,Madison County
37117,North Carolina,Martin County
37119,North Carolina,Mecklenburg County
37121,North Carolina,Mitchell County
37123,North Carolina,Montgomery County
37125,North Carolina,Moore County
37127,North Carolina,Nash County
37129,North Carolina,New Hanover County
37131,North Carolina,Northampton County
37133,North Carolina,Onslow County
37135,North Carolina,Orange County
37137,North Carolina,Pamlico County
37139,North Carolina,Pasquotank County
37141,North Carolina,Pender County
37143,North Carolina,Perquimans County
37145,North Carolina,Person County
37147,North Carolina,Pitt County
37149,North Carolina,Polk County
37151,North Carolina,Randolph County
37153,North Carolina,Richmond County
37155,North Carolina,Robeson County
37157,North Carolina,Rockingham County
37159,North Carolina,Rowan County
37161,North Carolina,Rutherford County
37163,North Carolina,Sampson County
37165,North Carolina,Scotland County
37167,North Carolina,Stanly County
37169,North Carolina,Stokes County
37171,North Carolina,Surry County
37173,North Carolina,Swain County
37175,North Carolina,Transylvania County
37177,North Carolina,Tyrrell County
37179,North Carolina,Union County
37181,North Carolina,Vance County
37183,North Carolina,Wake County
37185,North Carolina,Warren County
37187,North Carolina,Washington County
37189,North Carolina,Watauga County
37191,North Carolina,Wayne County
37193,North Carolina,Wilkes County
37195,North Carolina,Wilson County
37197,North Carolina,Yadkin County
37199,North Carolina,Yancey County
38001,North Dakota,Adams County
38003,North Dakota,Barnes County
38005,North Dakota,Benson County
38007,North Dakota,Billings County
38009,North Dakota,Bottineau County
38011,North Dakota,Bowman County
38013,North Dakota,Burke County
38015,North Dakota,Burleigh County
38017,North Dakota,Cass County
38019,North Dakota,Cavalier County
38021,North Dakota,Dickey County
38023,North Dakota,Divide County
38025,North Dakota,Dunn County
38027,North Dakota,Eddy County
38029,North Dakota,Emmons County
38031,North Dakota,Foster County
38033,North Dakota,Golden Valley County
38035,North Dakota,Grand Forks County
38037,North Dakota,Grant County
38039,North Dakota,Griggs County
38041,North Dakota,Hettinger County
38043,North Dakota,Kidder County
38045,North Dakota,LaMoure County
38047,North Dakota,Logan County
38049,North Dakota,McHenry County
38051,North Dakota,McIntosh County
38053,North Dakota,McKenzie County
38055,North Dakota,McLean County
38057,North Dakota,Mercer County
38059,North Dakota,Morton County
38061,North Dakota,Mountrail County
38063,North Dakota,Nelson County
38065,North Dakota,Oliver County
38067,North Dakota,Pembina County
38069,North Dakota,Pierce County
38071,North Dakota,Ramsey County
38073,North Dakota,Ransom County
38075,North Dakota,Renville County
38077,North Dakota,Richland County
38079,North Dakota,Rolette County
38081,North Dakota,Sargent County
38083,North Dakota,Sheridan County
38085,North Dakota,Sioux County
38087,North Dakota,Slope County
38089,North Dakota,Stark County
38091,North Dakota,Steele County
38093,North Dakota,Stutsman County
38095,North Dakota,Towner County
38097,North Dakota,Traill County
38099,North Dakota,Walsh County
38101,North Dakota,Ward County
38103,North Dakota,Wells County
38105,North Dakota,Williams County
39001,Ohio,Adams County
39003,Ohio,Allen County
39005,Ohio,Ashland County
39007,Ohio,Ashtabula County
39009,Ohio,Athens County
39011,Ohio,Auglaize County
39013,Ohio,Belmont County
39015,Ohio,Brown County
39017,Ohio,Butler County
39019,Ohio,Carroll County
39021,Ohio,Champaign County
39023,Ohio,Clark County
39025,Ohio,Clermont County
39027,Ohio,Clinton County
39029,Ohio,Columbiana County
39031,Ohio,Coshocton County
39033,Ohio,Crawford County
39035,Ohio,Cuyahoga County
39037,Ohio,Darke County
39039,Ohio,Defiance County
39041,Ohio,Delaware County
39043,Ohio,Erie County
39045,Ohio,Fairfield County
39047,Ohio,Fayette County
39049,Ohio,Franklin County
39051,Ohio,Fulton County
39053,Ohio,Gallia County
39055,Ohio,Geauga County
39057,Ohio,Greene County
39059,Ohio,Guernsey County
39061,Ohio,Hamilton County
39063,Ohio,Hancock County
39065,Ohio,Hardin County
39067,Ohio,Harrison County
39069,Ohio,Henry County
39071,Ohio,Highland County
39073,Ohio,Hocking County
39075,Ohio,Holmes County
39077,Ohio,Huron County
39079,Ohio,Jackson County
39081,Ohio,Jefferson County
39083,Ohio,Knox County
39085,Ohio,Lake County
39087,Ohio,Lawrence County
39089,Ohio,Licking County
39091,Ohio,Logan County
39093,Ohio,Lorain County
39095,Ohio,Lucas County
39097,Ohio,Madison County
39099,Ohio,Mahoning County
39101,Ohio,Marion County
39103,Ohio,Medina County
39105,Ohio,Meigs County
39107,Ohio,Mercer County
39109,Ohio,Miami County
39111,Ohio,Monroe County
39113,Ohio,Montgomery County
39115,Ohio,Morgan County
39117,Ohio,Morrow County
39119,Ohio,Muskingum County
39121,Ohio,Noble County
39123,Ohio,Ottawa County
39125,Ohio,Paulding County
39127,Ohio,Perry County
39129,Ohio,Pickaway County
39131,Ohio,Pike County
39133,Ohio,Portage County
39135,Ohio,Preble County
39137,Ohio,Putnam County
39139,Ohio,Richland County
39141,Ohio,Ross County
39143,Ohio,Sandusky County
39145,Ohio,Scioto County
39147,Ohio,Seneca County
39149,Ohio,Shelby County
39151,Ohio,Stark County
39153,Ohio,Summit County
39155,Ohio,Trumbull County
39157,Ohio,Tuscarawas County
39159,Ohio,Union County
39161,Ohio,Van Wert County
39163,Ohio,Vinton County
39165,Ohio,Warren County
39167,Ohio,Washington County
39169,Ohio,Wayne County
39171,Ohio,Williams County
39173,Ohio,Wood County
39175,Ohio,Wyandot County
40001,Oklahoma,Adair County
40003,Oklahoma,Alfalfa County
40005,Oklahoma,Atoka County
40007,Oklahoma,Beaver County
40009,Oklahoma,Beckham County
40011,Oklahoma,Blaine County
40013,Oklahoma,Bryan County
40015,Oklahoma,Caddo County
40017,Oklahoma,Canadian County
40019,Oklahoma,Carter County
40021,Oklahoma,Cherokee County
40023,Oklahoma,Choctaw County
40025,Oklahoma,Cimarron County
40027,Oklahoma,Cleveland County
40029,Oklahoma,Coal County
40031,Oklahoma,Comanche County
40033,Oklahoma,Cotton County
40035,Oklahoma,Craig County
40037,Oklahoma,Creek County
40039,Oklahoma,Custer County
40041,Oklahoma,Delaware County
40043,Oklahoma,Dewey County
40045,Oklahoma,Ellis County
40047,Oklahoma,Garfield County
40049,Oklahoma,Garvin County
40051,Oklahoma,Grady County
40053,Oklahoma,Grant County
40055,Oklahoma,Greer County
40057,Oklahoma,Harmon County
40059,Oklahoma,Harper County
40061,Oklahoma,Haskell County
40063,Oklahoma,Hughes County
40065,Oklahoma,Jackson County
40067,Oklahoma,Jefferson County
40069,Oklahoma,Johnston County
40071,Oklahoma,Kay County
40073,Oklahoma,Kingfisher County
40075,Oklahoma,Kiowa County
40077,Oklahoma,Latimer County
40079,Oklahoma,Le Flore County
40081,Oklahoma,Lincoln County
40083,Oklahoma,Logan County
40085,Oklahoma,Love County
40087,Oklahoma,McClain County
40089,Oklahoma,McCurtain County
40091,Oklahoma,McIntosh County
40093,Oklahoma,Major County
40095,Oklahoma,Marshall County
40097,Oklahoma,Mayes County
40099,Oklahoma,Murray County
40101,Oklahoma,Muskogee County
40103,Oklahoma,Noble County
40105,Oklahoma,Nowata County
40107,Oklahoma,Okfuskee County
40109,Oklahoma,Oklahoma County
40111,Oklahoma,Okmulgee County
40113,Oklahoma,Osage County
40115,Oklahoma,Ottawa County
40117,Oklahoma,Pawnee County
40119,Oklahoma,Payne County
40121,Oklahoma,Pittsburg County
40123,Oklahoma,Pontotoc County
40125,Oklahoma,Pottawatomie County
40127,Oklahoma,Pushmataha County
40129,Oklahoma,Roger Mills County
40131,Oklahoma,Rogers County
40133,Oklahoma,Seminole County
40135,Oklahoma,Sequoyah County
40137,Oklahoma,Stephens County
40139,Oklahoma,Texas County
40141,Oklahoma,Tillman County
40143,Oklahoma,Tulsa County
40145,Oklahoma,Wagoner County
40147,Oklahoma,Washington County
40149,Oklahoma,Washita County
40151,Oklahoma,Woods County
40153,Oklahoma,Woodward County
41001,Oregon,Baker County
41003,Oregon,Benton County
41005,Oregon,Clackamas County
41007,Oregon,Clatsop County
41009,Oregon,Columbia County
41011,Oregon,Coos County
41013,Oregon,Crook County
41015,Oregon,Curry County
41017,Oregon,Deschutes County
41019,Oregon,Douglas County
41021,Oregon,Gilliam County
41023,Oregon,Grant County
41025,Oregon,Harney County
41027,Oregon,Hood River County
41029,Oregon,Jackson County
41031,Oregon,Jefferson County
41033,Oregon,Josephine County
41035,Oregon,Klamath County
41037,Oregon,Lake County
41039,Oregon,Lane County
41041,Oregon,Lincoln County
41043,Oregon,Linn County
41045,Oregon,Malheur County
41047,Oregon,Marion County
41049,Oregon,Morrow County
41051,Oregon,Multnomah County
41053,Oregon,Polk County
41055,Oregon,Sherman County
41057,Oregon,Tillamook County
41059,Oregon,Umatilla County
41061,Oregon,Union County
41063,Oregon,Wallowa County
41065,Oregon,Wasco County
41067,Oregon,Washington County
41069,Oregon,Wheeler County
41071,Oregon,Yamhill County
42001,Pennsylvania,Adams County
42003,Pennsylvania,Allegheny County
42005,Pennsylvania,Armstrong County
42007,Pennsylvania,Beaver County
42009,Pennsylvania,Bedford County
42011,Pennsylvania,Berks County
42013,Pennsylvania,Blair County
42015,Pennsylvania,Bradford County
42017,Pennsylvania,Bucks County
42019,Pennsylvania,Butler County
42021,Pennsylvania,Cambria County
42023,Pennsylvania,Cameron County
42025,Pennsylvania,Carbon County
42027,Pennsylvania,Centre County
42029,Pennsylvania,Chester County
42031,Pennsylvania,Clarion County
42033,Pennsylvania,Clearfield County
42035,Pennsylvania,Clinton County
42037,Pennsylvania,Columbia County
42039,Pennsylvania,Crawford County
42041,Pennsylvania,Cumberland County
42043,Pennsylvania,Dauphin County
42045,Pennsylvania,Delaware County
42047,Pennsylvania,Elk County
42049,Pennsylvania,Erie County
42051,Pennsylvania,Fayette County
42053,Pennsylvania,Forest County
42055,Pennsylvania,Franklin County
42057,Pennsylvania,Fulton County
42059,Pennsylvania,Greene County
42061,Pennsylvania,Huntingdon County
42063,Pennsylvania,Indiana County
42065,Pennsylvania,Jefferson County
42067,Pennsylvania,Juniata County
42069,Pennsylvania,Lackawanna County
42071,Pennsylvania,Lancaster County
42073,Pennsylvania,Lawrence County
42075,Pennsylvania,Lebanon County
42077,Pennsylvania,Lehigh County
42079,Pennsylvania,Luzerne County
42081,Pennsylvania,Lycoming County
42083,Pennsylvania,McKean County
42085,Pennsylvania,Mercer County
42087,Pennsylvania,Mifflin County
42089,Pennsylvania,Monroe County
42091,Pennsylvania,Montgomery County
42093,Pennsylvania,Montour County
42095,Pennsylvania,Northampton County
42097,Pennsylvania,Northumberland County
42099,Pennsylvania,Perry County
42101,Pennsylvania,Philadelphia County
42103,Pennsylvania,Pike County
42105,Pennsylvania,Potter County
42107,Pennsylvania,Schuylkill County
42109,Pennsylvania,Snyder County
42111,Pennsylvania,Somerset County
42113,Pennsylvania,Sullivan County
42115,Pennsylvania,Susquehanna County
42117,Pennsylvania,Tioga County
42119,Pennsylvania,Union County
42121,Pennsylvania,Venango County
42123,Pennsylvania,Warren County
42125,Pennsylvania,Washington County
42127,Pennsylvania,Wayne County
42129,Pennsylvania,Westmoreland County
42131,Pennsylvania,Wyoming County
42133,Pennsylvania,York County
44001,Rhode Island,Bristol County
44001,Rhode Island and Providence Plantations,Bristol County
44003,Rhode Island,Kent County
44003,Rhode Island and Providence Plantations,Kent County
44005,Rhode Island,Newport County
44005,Rhode Island and Providence Plantations,Newport County
44007,Rhode Island,Providence County
44007,Rhode Island and Providence Plantations,Providence County
44009,Rhode Island,Washington County
44009,Rhode Island and Providence Plantations,Washington County
45001,South Carolina,Abbeville County
45003,South Carolina,Aiken County
45005,South Carolina,Allendale County
45007,South Carolina,Anderson County
45009,South Carolina,Bamberg County
45011,South Carolina,Barnwell County
45013,South Carolina,Beaufort County
45015,South Carolina,Berkeley County
45017,South Carolina,Calhoun County
45019,South Carolina,Charleston County
45021,South Carolina,Cherokee County
45023,South Carolina,Chester County
45025,South Carolina,Chesterfield County
45027,South Carolina,Clarendon County
45029,South Carolina,Colleton County
45031,South Carolina,Darlington County
45033,South Carolina,Dillon County
45035,South Carolina,Dorchester County
45037,South Carolina,Edgefield County
45039,South Carolina,Fairfield County
45041,South Carolina,Florence County
45043,South Carolina,Georgetown County
45045,South Carolina,Greenville County
45047,South Carolina,Greenwood County
45049,South Carolina,Hampton County
45051,South Carolina,Horry County
45053,South Carolina,Jasper County
45055,South Carolina,Kershaw County
45057,South Carolina,Lancaster County
45059,South Carolina,Laurens County
45061,South Carolina,Lee County
45063,South Carolina,Lexington County
45065,South Carolina,McCormick County
45067,South Carolina,Marion County
45069,South Carolina,Marlboro County
45071,South Carolina,Newberry County
45073,South Carolina,Oconee County
45075,South Carolina,Orangeburg County
45077,South Carolina,Pickens County
45079,South Carolina,Richland County
45081,South Carolina,Saluda County
45083,South Carolina,Spartanburg County
45085,South Carolina,Sumter County
45087,South Carolina,Union County
45089,South Carolina,Williamsburg County
45091,South Carolina,York County
46003,South Dakota,Aurora County
46005,South Dakota,Beadle County
46007,South Dakota,Bennett County
46009,South Dakota,Bon Homme County
46011,South Dakota,Brookings County
46013,South Dakota,Brown County
46015,South Dakota,Brule County
46017,South Dakota,Buffalo County
46019,South Dakota,Butte County
46021,South Dakota,Campbell County
46023,South Dakota,Charles Mix County
46025,South Dakota,Clark County
46027,South Dakota,Clay County
46029,South Dakota,Codington County
46031,South Dakota,Corson County
46033,South Dakota,Custer County
46035,South Dakota,Davison County
46037,South Dakota,Day County
46039,South Dakota,Deuel County
46041,South Dakota,Dewey County
46043,South Dakota,Douglas County
46045,South Dakota,Edmunds County
46047,South Dakota,Fall River County
46049,South Dakota,Faulk County
46051,South Dakota,Grant County
46053,South Dakota,Gregory County
46055,South Dakota,Haakon County
46057,South Dakota,Hamlin County
46059,South Dakota,Hand County
46061,South Dakota,Hanson County
46063,South Dakota,Harding County
46065,South Dakota,Hughes County
46067,South Dakota,Hutchinson County
46069,South Dakota,Hyde County
46071,South Dakota,Jackson County
46073,South Dakota,Jerauld County
46075,South Dakota,Jones County
46077,South Dakota,Kingsbury County
46079,South Dakota,Lake County
46081,South Dakota,Lawrence County
46083,South Dakota,Lincoln County
46085,South Dakota,Lyman County
46087,South Dakota,McCook County
46089,South Dakota,McPherson County
46091,South Dakota,Marshall County
46093,South Dakota,Meade County
46095,South Dakota,Mellette County
46097,South Dakota,Miner County
46099,South Dakota,Minnehaha County
46101,South Dakota,Moody County
46103,South Dakota,Pennington County
46105,South Dakota,Perkins County
46107,South Dakota,Potter County
46109,South Dakota,Roberts County
46111,South Dakota,Sanborn County
46102,South Dakota,Shannon County
46102,South Dakota,Oglala Lakota County
46115,South Dakota,Spink County
46117,South Dakota,Stanley County
46119,South Dakota,Sully County
46121,South Dakota,Todd County
46123,South Dakota,Tripp County
46125,South Dakota,Turner County
46127,South Dakota,Union County
46129,South Dakota,Walworth County
46135,South Dakota,Yankton County
46137,South Dakota,Ziebach County
47001,Tennessee,Anderson County
47003,Tennessee,Bedford County
47005,Tennessee,Benton County
47007,Tennessee,Bledsoe County
47009,Tennessee,Blount County
47011,Tennessee,Bradley County
47013,Tennessee,Campbell County
47015,Tennessee,Cannon County
47017,Tennessee,Carroll County
47019,Tennessee,Carter County
47021,Tennessee,Cheatham County
47023,Tennessee,Chester County
47025,Tennessee,Claiborne County
47027,Tennessee,Clay County
47029,Tennessee,Cocke County
47031,Tennessee,Coffee County
47033,Tennessee,Crockett County
47035,Tennessee,Cumberland County
47037,Tennessee,Davidson County
47039,Tennessee,Decatur County
47041,Tennessee,DeKalb County
47043,Tennessee,Dickson County
47045,Tennessee,Dyer County
47047,Tennessee,Fayette County
47049,Tennessee,Fentress County
47051,Tennessee,Franklin County
47053,Tennessee,Gibson County
47055,Tennessee,Giles County
47057,Tennessee,Grainger County
47059,Tennessee,Greene County
47061,Tennessee,Grundy County
47063,Tennessee,Hamblen County
47065,Tennessee,Hamilton County
47067,Tennessee,Hancock County
47069,Tennessee,Hardeman County
47071,Tennessee,Hardin County
47073,Tennessee,Hawkins County
47075,Tennessee,Haywood County
47077,Tennessee,Henderson County
47079,Tennessee,Henry County
47081,Tennessee,Hickman County
47083,Tennessee,Houston County
47085,Tennessee,Humphreys County
47087,Tennessee,Jackson County
47089,Tennessee,Jefferson County
47091,Tennessee,Johnson County
47093,Tennessee,Knox County
47095,Tennessee,Lake County
47097,Tennessee,Lauderdale County
47099,Tennessee,Lawrence County
47101,Tennessee,Lewis County
47103,Tennessee,Lincoln County
47105,Tennessee,Loudon County
47107,Tennessee,McMinn County
47109,Tennessee,McNairy County
47111,Tennessee,Macon County
47113,Tennessee,Madison County
47115,Tennessee,Marion County
47117,Tennessee,Marshall County
47119,Tennessee,Maury County
47121,Tennessee,Meigs County
47123,Tennessee,Monroe County
47125,Tennessee,Montgomery County
47127,Tennessee,Moore County
47129,Tennessee,Morgan County
47131,Tennessee,Obion County
47133,Tennessee,Overton County
47135,Tennessee,Perry County
47137,Tennessee,Pickett County
47139,Tennessee,Polk County
47141,Tennessee,Putnam County
47143,Tennessee,Rhea County
47145,Tennessee,Roane County
47147,Tennessee,Robertson County
47149,Tennessee,Rutherford County
47151,Tennessee,Scott County
47153,Tennessee,Sequatchie County
47155,Tennessee,Sevier County
47157,Tennessee,Shelby County
47159,Tennessee,Smith County
47161,Tennessee,Stewart County
47163,Tennessee,Sullivan County
47165,Tennessee,Sumner County
47167,Tennessee,Tipton County
47169,Tennessee,Trousdale County
47171,Tennessee,Unicoi County
47173,Tennessee,Union County
47175,Tennessee,Van Buren County
47177,Tennessee,Warren County
47179,Tennessee,Washington County
47181,Tennessee,Wayne County
47183,Tennessee,Weakley County
47185,Tennessee,White County
47187,Tennessee,Williamson County
47189,Tennessee,Wilson County
48001,Texas,Anderson County
48003,Texas,Andrews County
48005,Texas,Angelina County
48007,Texas,Aransas County
48009,Texas,Archer County
48011,Texas,Armstrong County
48013,Texas,Atascosa County
48015,Texas,Austin County
48017,Texas,Bailey County
48019,Texas,Bandera County
48021,Texas,Bastrop County
48023,Texas,Baylor County
48025,Texas,Bee County
48027,Texas,Bell County
48029,Texas,Bexar County
48031,Texas,Blanco County
48033,Texas,Borden County
48035,Texas,Bosque County
48037,Texas,Bowie County
48039,Texas,Brazoria County
48041,Texas,Brazos County
48043,Texas,Brewster County
48045,Texas,Briscoe County
48047,Texas,Brooks County
48049,Texas,Brown County
48051,Texas,Burleson County
48053,Texas,Burnet County
48055,Texas,Caldwell County
48057,Texas,Calhoun County
48059,Texas,Callahan County
48061,Texas,Cameron County
48063,Texas,Camp County
48065,Texas,Carson County
48067,Texas,Cass County
48069,Texas,Castro County
48071,Texas,Chambers County
48073,Texas,Cherokee County
48075,Texas,Childress County
48077,Texas,Clay County
48079,Texas,Cochran County
48081,Texas,Coke County
48083,Texas,Coleman County
48085,Texas,Collin County
48087,Texas,Collingsworth County
48089,Texas,Colorado County
48091,Texas,Comal County
48093,Texas,Comanche County
48095,Texas,Concho County
48097,Texas,Cooke County
48099,Texas,Coryell County
48101,Texas,Cottle County
48103,Texas,Crane County
48105,Texas,Crockett County
48107,Texas,Crosby County
48109,Texas,Culberson County
48111,Texas,Dallam County
48113,Texas,Dallas County
48115,Texas,Dawson County
48117,Texas,Deaf Smith County
48119,Texas,Delta County
48121,Texas,Denton County
48123,Texas,DeWitt County
48125,Texas,Dickens County
48127,Texas,Dimmit County
48129,Texas,Donley County
48131,Texas,Duval County
48133,Texas,Eastland County
48135,Texas,Ector County
48137,Texas,Edwards County
48139,Texas,Ellis County
48141,Texas,El Paso County
48143,Texas,Erath County
48145,Texas,Falls County
48147,Texas,Fannin County
48149,Texas,Fayette County
48151,Texas,Fisher County
48153,Texas,Floyd County
48155,Texas,Foard County
48157,Texas,Fort Bend County
48159,Texas,Franklin County
48161,Texas,Freestone County
48163,Texas,Frio County
48165,Texas,Gaines County
48167,Texas,Galveston County
48169,Texas,Garza County
48171,Texas,Gillespie County
48173,Texas,Glasscock County
48175,Texas,Goliad County
48177,Texas,Gonzales County
48179,Texas,Gray County
48181,Texas,Grayson County
48183,Texas,Gregg County
48185,Texas,Grimes County
48187,Texas,Guadalupe County
48189,Texas,Hale County
48191,Texas,Hall County
48193,Texas,Hamilton County
48195,Texas,Hansford County
48197,Texas,Hardeman County
48199,Texas,Hardin County
48201,Texas,Harris County
48203,Texas,Harrison County
48205,Texas,Hartley County
48207,Texas,Haskell County
48209,Texas,Hays County
48211,Texas,Hemphill County
48213,Texas,Henderson County
48215,Texas,Hidalgo County
48217,Texas,Hill County
48219,Texas,Hockley County
48221,Texas,Hood County
48223,Texas,Hopkins County
48225,Texas,Houston County
48227,Texas,Howard County
48229,Texas,Hudspeth County
48231,Texas,Hunt County
48233,Texas,Hutchinson County
48235,Texas,Irion County
48237,Texas,Jack County
48239,Texas,Jackson County
48241,Texas,Jasper County
48243,Texas,Jeff Davis County
48245,Texas,Jefferson County
48247,Texas,Jim Hogg County
48249,Texas,Jim Wells County
48251,Texas,Johnson County
48253,Texas,Jones County
48255,Texas,Karnes County
48257,Texas,Kaufman County
48259,Texas,Kendall County
48261,Texas,Kenedy County
48263,Texas,Kent County
48265,Texas,Kerr County
48267,Texas,Kimble County
48269,Texas,King County
48271,Texas,Kinney County
48273,Texas,Kleberg County
48275,Texas,Knox County
48277,Texas,Lamar County
48279,Texas,Lamb County
48281,Texas,Lampasas County
48283,Texas,La Salle County
48285,Texas,Lavaca County
48287,Texas,Lee County
48289,Texas,Leon County
48291,Texas,Liberty County
48293,Texas,Limestone County
48295,Texas,Lipscomb County
48297,Texas,Live Oak County
48299,Texas,Llano County
48301,Texas,Loving County
48303,Texas,Lubbock County
48305,Texas,Lynn County
48307,Texas,McCulloch County
48309,Texas,McLennan County
48311,Texas,McMullen County
48313,Texas,Madison County
48315,Texas,Marion County
48317,Texas,Martin County
48319,Texas,Mason County
48321,Texas,Matagorda County
48323,Texas,Maverick County
48325,Texas,Medina County
48327,Texas,Menard County
48329,Texas,Midland County
48331,Texas,Milam County
48333,Texas,Mills County
48335,Texas,Mitchell County
48337,Texas,Montague County
48339,Texas,Montgomery County
48341,Texas,Moore County
48343,Texas,Morris County
48345,Texas,Motley County
48347,Texas,Nacogdoches County
48349,Texas,Navarro County
48351,Texas,Newton County
48353,Texas,Nolan County
48355,Texas,Nueces County
48357,Texas,Ochiltree County
48359,Texas,Oldham County
48361,Texas,Orange County
48363,Texas,Palo Pinto County
48365,Texas,Panola County
48367,Texas,Parker County
48369,Texas,Parmer County
48371,Texas,Pecos County
48373,Texas,Polk County
48375,Texas,Potter County
48377,Texas,Presidio County
48379,Texas,Rains County
48381,Texas,Randall County
48383,Texas,Reagan County
48385,Texas,Real County
48387,Texas,Red River County
48389,Texas,Reeves County
48391,Texas,Refugio County
48393,Texas,Roberts County
48395,Texas,Robertson County
48397,Texas,Rockwall County
48399,Texas,Runnels County
48401,Texas,Rusk County
48403,Texas,Sabine County
48405,Texas,San Augustine County
48407,Texas,San Jacinto County
48409,Texas,San Patricio County
48411,Texas,San Saba County
48413,Texas,Schleicher County
48415,Texas,Scurry County
48417,Texas,Shackelford County
48419,Texas,Shelby County
48421,Texas,Sherman County
48423,Texas,Smith County
48425,Texas,Somervell County
48427,Texas,Starr County
48429,Texas,Stephens County
48431,Texas,Sterling County
48433,Texas,Stonewall County
48435,Texas,Sutton County
48437,Texas,Swisher County
48439,Texas,Tarrant County
48441,Texas,Taylor County
48443,Texas,Terrell County
48445,Texas,Terry County
48447,Texas,Throckmorton County
48449,Texas,Titus County
48451,Texas,Tom Green County
48453,Texas,Travis County
48455,Texas,Trinity County
48457,Texas,Tyler County
48459,Texas,Upshur County
48461,Texas,Upton County
48463,Texas,Uvalde County
48465,Texas,Val Verde County
48467,Texas,Van Zandt County
48469,Texas,Victoria County
48471,Texas,Walker County
48473,Texas,Waller County
48475,Texas,Ward County
48477,Texas,Washington County
48479,Texas,Webb County
48481,Texas,Wharton County
48483,Texas,Wheeler County
48485,Texas,Wichita County
48487,Texas,Wilbarger County
48489,Texas,Willacy County
48491,Texas,Williamson County
48493,Texas,Wilson County
48495,Texas,Winkler County
48497,Texas,Wise County
48499,Texas,Wood County
48501,Texas,Yoakum County
48503,Texas,Young County
48505,Texas,Zapata County
48507,Texas,Zavala County
49001,Utah,Beaver County
49003,Utah,Box Elder County
49005,Utah,Cache County
49007,Utah,Carbon County
49009,Utah,Daggett County
49011,Utah,Davis County
49013,Utah,Duchesne County
49015,Utah,Emery County
49017,Utah,Garfield County
49019,Utah,Grand County
49021,Utah,Iron County
49023,Utah,Juab County
49025,Utah,Kane County
49027,Utah,Millard County
49029,Utah,Morgan County
49031,Utah,Piute County
49033,Utah,Rich County
49035,Utah,Salt Lake County
49037,Utah,San Juan County
49039,Utah,Sanpete County
49041,Utah,Sevier County
49043,Utah,Summit County
49045,Utah,Tooele County
49047,Utah,Uintah County
49049,Utah,Utah County
49051,Utah,Wasatch County
49053,Utah,Washington County
49055,Utah,Wayne County
49057,Utah,Weber County
50001,Vermont,Addison County
50003,Vermont,Bennington County
50005,Vermont,Caledonia County
50007,Vermont,Chittenden County
50009,Vermont,Essex County
50011,Vermont,Franklin County
50013,Vermont,Grand Isle County
50015,Vermont,Lamoille County
50017,Vermont,Orange County
50019,Vermont,Orleans County
50021,Vermont,Rutland County
50023,Vermont,Washington County
50025,Vermont,Windham County
50027,Vermont,Windsor County
51001,Virginia,Accomack County
51003,Virginia,Albemarle County
51005,Virginia,Alleghany County
51007,Virginia,Amelia County
51009,Virginia,Amherst County
51011,Virginia,Appomattox County
51013,Virginia,Arlington County
51015,Virginia,Augusta County
51017,Virginia,Bath County
51019,Virginia,Bedford County
51021,Virginia,Bland County
51023,Virginia,Botetourt County
51025,Virginia,Brunswick County
51027,Virginia,Buchanan County
51029,Virginia,Buckingham County
51031,Virginia,Campbell County
51033,Virginia,Caroline County
51035,Virginia,Carroll County
51036,Virginia,Charles City County
51037,Virginia,Charlotte County
51041,Virginia,Chesterfield County
51043,Virginia,Clarke County
51045,Virginia,Craig County
51047,Virginia,Culpeper County
51049,Virginia,Cumberland County
51051,Virginia,Dickenson County
51053,Virginia,Dinwiddie County
51057,Virginia,Essex County
51059,Virginia,Fairfax County
51061,Virginia,Fauquier County
51063,Virginia,Floyd County
51065,Virginia,Fluvanna County
51067,Virginia,Franklin County
51069,Virginia,Frederick County
51071,Virginia,Giles County
51073,Virginia,Gloucester County
51075,Virginia,Goochland County
51077,Virginia,Grayson County
51079,Virginia,Greene County
51081,Virginia,Greensville County
51083,Virginia,Halifax County
51085,Virginia,Hanover County
51087,Virginia,Henrico County
51089,Virginia,Henry County
51091,Virginia,Highland County
51093,Virginia,Isle of Wight County
51095,Virginia,James City County
51097,Virginia,King and Queen County
51099,Virginia,King George County
51101,Virginia,King William County
51103,Virginia,Lancaster County
51105,Virginia,Lee County
51107,Virginia,Loudoun County
51109,Virginia,Louisa County
51111,Virginia,Lunenburg County
51113,Virginia,Madison County
51115,Virginia,Mathews County
51117,Virginia,Mecklenburg County
51119,Virginia,Middlesex County
51121,Virginia,Montgomery County
51125,Virginia,Nelson County
51127,Virginia,New Kent County
51131,Virginia,Northampton County
51133,Virginia,Northumberland County
51135,Virginia,Nottoway County
51137,Virginia,Orange County
51139,Virginia,Page County
51141,Virginia,Patrick County
51143,Virginia,Pittsylvania County
51145,Virginia,Powhatan County
51147,Virginia,Prince Edward County
51149,Virginia,Prince George County
51153,Virginia,Prince William County
51155,Virginia,Pulaski County
51157,Virginia,Rappahannock County
51159,Virginia,Richmond County
51161,Virginia,Roanoke County
51163,Virginia,Rockbridge County
51165,Virginia,Rockingham County
51167,Virginia,Russell County
51169,Virginia,Scott County
51171,Virginia,Shenandoah County
51173,Virginia,Smyth County
51175,Virginia,Southampton County
51177,Virginia,Spotsylvania County
51179,Virginia,Stafford County
51181,Virginia,Surry County
51183,Virginia,Sussex County
51185,Virginia,Tazewell County
51187,Virginia,Warren County
51191,Virginia,Washington County
51193,Virginia,Westmoreland County
51195,Virginia,Wise County
51197,Virginia,Wythe County
51199,Virginia,York County
51510,Virginia,Alexandria city
51515,Virginia,Bedford city
51520,Virginia,Bristol city
51530,Virginia,Buena Vista city
51540,Virginia,Charlottesville city
51550,Virginia,Chesapeake city
51570,Virginia,Colonial Heights city
51580,Virginia,Covington city
51590,Virginia,Danville city
51595,Virginia,Emporia city
51600,Virginia,Fairfax city
51610,Virginia,Falls Church city
51620,Virginia,Franklin city
51630,Virginia,Fredericksburg city
51640,Virginia,Galax city
51650,Virginia,Hampton city
51660,Virginia,Harrisonburg city
51670,Virginia,Hopewell city
51678,Virginia,Lexington city
51680,Virginia,Lynchburg city
51683,Virginia,Manassas city
51685,Virginia,Manassas Park city
51690,Virginia,Martinsville city
51700,Virginia,Newport News city
51710,Virginia,Norfolk city
51720,Virginia,Norton city
51730,Virginia,Petersburg city
51735,Virginia,Poquoson city
51740,Virginia,Portsmouth city
51750,Virginia,Radford city
51760,Virginia,Richmond city
51770,Virginia,Roanoke city
51775,Virginia,Salem city
51790,Virginia,Staunton city
51800,Virginia,Suffolk city
51810,Virginia,Virginia Beach city
51820,Virginia,Waynesboro city
51830,Virginia,Williamsburg city
51840,Virginia,Winchester city
53001,Washington,Adams County
53003,Washington,Asotin County
53005,Washington,Benton County
53007,Washington,Chelan County
53009,Washington,Clallam County
53011,Washington,Clark County
53013,Washington,Columbia County
53015,Washington,Cowlitz County
53017,Washington,Douglas County
53019,Washington,Ferry County
53021,Washington,Franklin County
53023,Washington,Garfield County
53025,Washington,Grant County
53027,Washington,Grays Harbor County
53029,Washington,Island County
53031,Washington,Jefferson County
53033,Washington,King County
53035,Washington,Kitsap County
53037,Washington,Kittitas County
53039,Washington,Klickitat County
53041,Washington,Lewis County
53043,Washington,Lincoln County
53045,Washington,Mason County
53047,Washington,Okanogan County
53049,Washington,Pacific County
53051,Washington,Pend Oreille County
53053,Washington,Pierce County
53055,Washington,San Juan County
53057,Washington,Skagit County
53059,Washington,Skamania County
53061,Washington,Snohomish County
53063,Washington,Spokane County
53065,Washington,Stevens County
53067,Washington,Thurston County
53069,Washington,Wahkiakum County
53071,Washington,Walla Walla County
53073,Washington,Whatcom County
53075,Washington,Whitman County
53077,Washington,Yakima County
54001,West Virginia,Barbour County
54003,West Virginia,Berkeley County
54005,West Virginia,Boone County
54007,West Virginia,Braxton County
54009,West Virginia,Brooke County
54011,West Virginia,Cabell County
54013,West Virginia,Calhoun County
54015,West Virginia,Clay County
54017,West Virginia,Doddridge County
54019,West Virginia,Fayette County
54021,West Virginia,Gilmer County
54023,West Virginia,Grant County
54025,West Virginia,Greenbrier County
54027,West Virginia,Hampshire County
54029,West Virginia,Hancock County
54031,West Virginia,Hardy County
54033,West Virginia,Harrison County
54035,West Virginia,Jackson County
54037,West Virginia,Jefferson County
54039,West Virginia,Kanawha County
54041,West Virginia,Lewis County
54043,West Virginia,Lincoln County
54045,West Virginia,Logan County
54047,West Virginia,McDowell County
54049,West Virginia,Marion County
54051,West Virginia,Marshall County
54053,West Virginia,Mason County
54055,West Virginia,Mercer County
54057,West Virginia,Mineral County
54059,West Virginia,Mingo County
54061,West Virginia,Monongalia County
54063,West Virginia,Monroe County
54065,West Virginia,Morgan County
54067,West Virginia,Nicholas County
54069,West Virginia,Ohio County
54071,West Virginia,Pendleton County
54073,West Virginia,Pleasants County
54075,West Virginia,Pocahontas County
54077,West Virginia,Preston County
54079,West Virginia,Putnam County
54081,West Virginia,Raleigh County
54083,West Virginia,Randolph County
54085,West Virginia,Ritchie County
54087,West Virginia,Roane County
54089,West Virginia,Summers County
54091,West Virginia,Taylor County
54093,West Virginia,Tucker County
54095,West Virginia,Tyler County
54097,West Virginia,Upshur County
54099,West Virginia,Wayne County
54101,West Virginia,Webster County
54103,West Virginia,Wetzel County
54105,West Virginia,Wirt County
54107,West Virginia,Wood County
54109,West Virginia,Wyoming County
55001,Wisconsin,Adams County
55003,Wisconsin,Ashland County
55005,Wisconsin,Barron County
55007,Wisconsin,Bayfield County
55009,Wisconsin,Brown County
55011,Wisconsin,Buffalo County
55013,Wisconsin,Burnett County
55015,Wisconsin,Calumet County
55017,Wisconsin,Chippewa County
55019,Wisconsin,Clark County
55021,Wisconsin,Columbia County
55023,Wisconsin,Crawford County
55025,Wisconsin,Dane County
55027,Wisconsin,Dodge County
55029,Wisconsin,Door County
55031,Wisconsin,Douglas County
55033,Wisconsin,Dunn County
55035,Wisconsin,Eau Claire County
55037,Wisconsin,Florence County
55039,Wisconsin,Fond du Lac County
55041,Wisconsin,Forest County
55043,Wisconsin,Grant County
55045,Wisconsin,Green County
55047,Wisconsin,Green Lake County
55049,Wisconsin,Iowa County
55051,Wisconsin,Iron County
55053,Wisconsin,Jackson County
55055,Wisconsin,Jefferson County
55057,Wisconsin,Juneau County
55059,Wisconsin,Kenosha County
55061,Wisconsin,Kewaunee County
55063,Wisconsin,La Crosse County
55065,Wisconsin,Lafayette County
55067,Wisconsin,Langlade County
55069,Wisconsin,Lincoln County
55071,Wisconsin,Manitowoc County
55073,Wisconsin,Marathon County
55075,Wisconsin,Marinette County
55077,Wisconsin,Marquette County
55078,Wisconsin,Menominee County
55079,Wisconsin,Milwaukee County
55081,Wisconsin,Monroe County
55083,Wisconsin,Oconto County
55085,Wisconsin,Oneida County
55087,Wisconsin,Outagamie County
55089,Wisconsin,Ozaukee County
55091,Wisconsin,Pepin County
55093,Wisconsin,Pierce County
55095,Wisconsin,Polk County
55097,Wisconsin,Portage County
55099,Wisconsin,Price County
55101,Wisconsin,Racine County
55103,Wisconsin,Richland County
55105,Wisconsin,Rock County
55107,Wisconsin,Rusk County
55109,Wisconsin,St. Croix County
55111,Wisconsin,Sauk County
55113,Wisconsin,Sawyer County
55115,Wisconsin,Shawano County
55117,Wisconsin,Sheboygan County
55119,Wisconsin,Taylor County
55121,Wisconsin,Trempealeau County
55123,Wisconsin,Vernon County
55125,Wisconsin,Vilas County
55127,Wisconsin,Walworth County
55129,Wisconsin,Washburn County
55131,Wisconsin,Washington County
55133,Wisconsin,Waukesha County
55135,Wisconsin,Waupaca County
55137,Wisconsin,Waushara County
55139,Wisconsin,Winnebago County
55141,Wisconsin,Wood County
56001,Wyoming,Albany County
56003,Wyoming,Big Horn County
56005,Wyoming,Campbell County
56007,Wyoming,Carbon County
56009,Wyoming,Converse County
56011,Wyoming,Crook County
56013,Wyoming,Fremont County
56015,Wyoming,Goshen County
56017,Wyoming,Hot Springs County
56019,Wyoming,Johnson County
56021,Wyoming,Laramie County
56023,Wyoming,Lincoln County
56025,Wyoming,Natrona County
56027,Wyoming,Niobrara County
56029,Wyoming,Park County
56031,Wyoming,Platte County
56033,Wyoming,Sheridan County
56035,Wyoming,Sublette County
56037,Wyoming,Sweetwater County
56039,Wyoming,Teton County
56041,Wyoming,Uinta County
56043,Wyoming,Washakie County
56045,Wyoming,Weston County
11001,District of Columbia,District of Columbia
11001,D.C.,District of Columbia
11001,District of Columbia,Washington
11001,D.C.,Washington
60010,American Samoa,Eastern District
60020,American Samoa,Manu'a District
60030,American Samoa,Rose Island District
60030,American Samoa,Rose Atoll District
60040,American Samoa,Swains Island District
60050,American Samoa,Western District
66010,Guam,Guam
69085,Northern Mariana Islands,Northern Islands Municipality
69100,Northern Mariana Islands,Rota Municipality
69110,Northern Mariana Islands,Saipan Municipality
69120,Northern Mariana Islands,Tinian Municipality
72001,Puerto Rico,Adjuntas Municipio
72003,Puerto Rico,Aguada Municipio
72005,Puerto Rico,Aguadilla Municipio
72007,Puerto Rico,Aguas Buenas Municipio
72009,Puerto Rico,Aibonito Municipio
72011,Puerto Rico,Aasco Municipio
72013,Puerto Rico,Arecibo Municipio
72015,Puerto Rico,Arroyo Municipio
72017,Puerto Rico,Barceloneta Municipio
72019,Puerto Rico,Barranquitas Municipio
72021,Puerto Rico,Bayamon Municipio
72023,Puerto Rico,Cabo Rojo Municipio
72025,Puerto Rico,Caguas Municipio
72027,Puerto Rico,Camuy Municipio
72029,Puerto Rico,Canovanas Municipio
72031,Puerto Rico,Carolina Municipio
72033,Puerto Rico,Catao Municipio
72035,Puerto Rico,Cayey Municipio
72037,Puerto Rico,Ceiba Municipio
72039,Puerto Rico,Ciales Municipio
72041,Puerto Rico,Cidra Municipio
72043,Puerto Rico,Coamo Municipio
72045,Puerto Rico,Comero Municipio
72047,Puerto Rico,Corozal Municipio
72049,Puerto Rico,Culebra Municipio
72051,Puerto Rico,Dorado Municipio
72053,Puerto Rico,Fajardo Municipio
72054,Puerto Rico,Florida Municipio
72055,Puerto Rico,Gunica Municipio
72057,Puerto Rico,Guayama Municipio
72059,Puerto Rico,Guayanilla Municipio
72061,Puerto Rico,Guaynabo Municipio
72063,Puerto Rico,Gurabo Municipio
72065,Puerto Rico,Hatillo Municipio
72067,Puerto Rico,Hormigueros Municipio
72069,Puerto Rico,Humacao Municipio
72071,Puerto Rico,Isabela Municipio
72073,Puerto Rico,Jayuya Municipio
72075,Puerto Rico,Juana Daz Municipio
72077,Puerto Rico,Juncos Municipio
72079,Puerto Rico,Lajas Municipio
72081,Puerto Rico,Lares Municipio
72083,Puerto Rico,Las Maras Municipio
72085,Puerto Rico,Las Piedras Municipio
72087,Puerto Rico,Loza Municipio
72089,Puerto Rico,Luquillo Municipio
72091,Puerto Rico,Manat Municipio
72093,Puerto Rico,Maricao Municipio
72095,Puerto Rico,Maunabo Municipio
72097,Puerto Rico,Mayagez Municipio
72099,Puerto Rico,Moca Municipio
72101,Puerto Rico,Morovis Municipio
72103,Puerto Rico,Naguabo Municipio
72105,Puerto Rico,Naranjito Municipio
72107,Puerto Rico,Orocovis Municipio
72109,Puerto Rico,Patillas Municipio
72111,Puerto Rico,Peuelas Municipio
72113,Puerto Rico,Ponce Municipio
72115,Puerto Rico,Quebradillas Municipio
72117,Puerto Rico,Rincon Municipio
72119,Puerto Rico,Ro Grande Municipio
72121,Puerto Rico,Sabana Grande Municipio
72123,Puerto Rico,Salinas Municipio
72125,Puerto Rico,San Germn Municipio
72127,Puerto Rico,San Juan Municipio
72129,Puerto Rico,San Lorenzo Municipio
72131,Puerto Rico,San Sebastin Municipio
72133,Puerto Rico,Santa Isabel Municipio
72135,Puerto Rico,Toa Alta Municipio
72137,Puerto Rico,Toa Baja Municipio
72139,Puerto Rico,Trujillo Alto Municipio
72141,Puerto Rico,Utuado Municipio
72143,Puerto Rico,Vega Alta Municipio
72145,Puerto Rico,Vega Baja Municipio
72147,Puerto Rico,Vieques Municipio
72149,Puerto Rico,Villalba Municipio
72151,Puerto Rico,Yabucoa Municipio
72153,Puerto Rico,Yauco Municipio
78010,U.S. Virgin Islands,St. Croix Island District
78010,Virgin Islands,St. Croix Island District
78010,United States Virgin Islands,St. Croix Island District
78020,U.S. Virgin Islands,St. John Island District
78020,Virgin Islands,St. John Island District
78020,United States Virgin Islands,St. John Island District
78030,U.S. Virgin Islands,St. Thomas Island District
78030,Virgin Islands,St. Thomas Island District
78030,United States Virgin Islands,St. Thomas Island District
74300,,Midway Islands District
